"","ID_Buzzard","sex","year","min_age","laying_date","max_age","age","Hellmann_winter","NAO_winter","voleMarch","Hellmann_cat","NAO_cat","btw_ind_avg_age","wth_ind_age_cen"
"1",1,2,2003,8,97,8,"old",80.1,0,0,"Medium","Positive",8,0
"2",3,1,2003,8,97,8,"old",80.1,0,0,"Medium","Positive",8,0
"3",6,2,2001,6,92,6,"young",27.7,-0.41,12,"Low","Negative",4,2
"4",6,2,2000,5,98,6,"young",3.6,1.07,10,"Low","Positive",4,1
"5",6,2,1999,4,97,6,"young",47.7,0.38,37,"Low","Positive",4,0
"6",6,2,1998,3,169,6,"young",19.3,-0.14,0,"Low","Negative",4,-1
"7",6,2,1997,2,98,6,"young",131.6,0.14,10,"High","Positive",4,-2
"8",7,1,2008,13,104,13,"old",20.3,0.52,18,"Low","Positive",9.5,3.5
"9",7,1,2005,10,98,13,"old",32.4,0.31,32,"Low","Positive",9.5,0.5
"10",7,1,2004,9,108,13,"old",16.3,0.42,9,"Low","Positive",9.5,-0.5
"11",7,1,2004,9,124,13,"old",16.3,0.42,9,"Low","Positive",9.5,-0.5
"12",7,1,2003,8,108,13,"old",80.1,0,0,"Medium","Positive",9.5,-1.5
"13",7,1,2003,8,131,13,"old",80.1,0,0,"Medium","Positive",9.5,-1.5
"14",10,2,2001,6,89,6,"young",27.7,-0.41,12,"Low","Negative",3.16666666666667,2.83333333333333
"15",10,2,2000,5,98,6,"young",3.6,1.07,10,"Low","Positive",3.16666666666667,1.83333333333333
"16",10,2,1999,4,91,6,"young",47.7,0.38,37,"Low","Positive",3.16666666666667,0.833333333333333
"17",10,2,1997,2,96,6,"young",131.6,0.14,10,"High","Positive",3.16666666666667,-1.16666666666667
"18",10,2,1996,1,107,6,"young",150.5,-0.7,7,"High","Negative",3.16666666666667,-2.16666666666667
"19",10,2,1996,1,96,6,"young",150.5,-0.7,7,"High","Negative",3.16666666666667,-2.16666666666667
"20",11,1,1999,4,100,4,"young",47.7,0.38,37,"Low","Positive",2.5,1.5
"21",11,1,1998,3,109,4,"young",19.3,-0.14,0,"Low","Negative",2.5,0.5
"22",11,1,1997,2,96,4,"young",131.6,0.14,10,"High","Positive",2.5,-0.5
"23",11,1,1996,1,107,4,"young",150.5,-0.7,7,"High","Negative",2.5,-1.5
"24",12,1,2015,20,89,20,"old",7.8,1.42,38,"Low","Positive",14.2,5.8
"25",12,1,2014,19,95,20,"old",0,0.86,21,"Low","Positive",14.2,4.8
"26",12,1,2012,17,94,20,"old",88.4,1.35,22,"Medium","Positive",14.2,2.8
"27",12,1,2011,16,98,20,"old",80.6,-0.61,0,"Medium","Negative",14.2,1.8
"28",12,1,2010,15,93,20,"old",94.7,-1.18,28,"Medium","Negative",14.2,0.800000000000001
"29",12,1,2008,13,89,20,"old",20.3,0.52,18,"Low","Positive",14.2,-1.2
"30",12,1,2007,12,87,20,"old",4.8,0.59,36,"Low","Positive",14.2,-2.2
"31",12,1,2006,11,95,20,"old",31.5,-0.25,0,"Low","Negative",14.2,-3.2
"32",12,1,2005,10,88,20,"old",32.4,0.31,32,"Low","Positive",14.2,-4.2
"33",12,1,2004,9,92,20,"old",16.3,0.42,9,"Low","Positive",14.2,-5.2
"34",13,2,2015,20,94,20,"old",7.8,1.42,38,"Low","Positive",13.6666666666667,6.33333333333333
"35",13,2,2014,19,85,20,"old",0,0.86,21,"Low","Positive",13.6666666666667,5.33333333333333
"36",13,2,2013,18,105,20,"old",73.2,-0.42,1,"Medium","Negative",13.6666666666667,4.33333333333333
"37",13,2,2012,17,92,20,"old",88.4,1.35,22,"Medium","Positive",13.6666666666667,3.33333333333333
"38",13,2,2011,16,98,20,"old",80.6,-0.61,0,"Medium","Negative",13.6666666666667,2.33333333333333
"39",13,2,2008,13,90,20,"old",20.3,0.52,18,"Low","Positive",13.6666666666667,-0.666666666666666
"40",13,2,2007,12,92,20,"old",4.8,0.59,36,"Low","Positive",13.6666666666667,-1.66666666666667
"41",13,2,2006,11,106,20,"old",31.5,-0.25,0,"Low","Negative",13.6666666666667,-2.66666666666667
"42",13,2,2006,11,127,20,"old",31.5,-0.25,0,"Low","Negative",13.6666666666667,-2.66666666666667
"43",13,2,2005,10,83,20,"old",32.4,0.31,32,"Low","Positive",13.6666666666667,-3.66666666666667
"44",13,2,2004,9,94,20,"old",16.3,0.42,9,"Low","Positive",13.6666666666667,-4.66666666666667
"45",13,2,2003,8,88,20,"old",80.1,0,0,"Medium","Positive",13.6666666666667,-5.66666666666667
"46",14,1,2001,6,95,6,"young",27.7,-0.41,12,"Low","Negative",3.66666666666667,2.33333333333333
"47",14,1,1998,3,85,6,"young",19.3,-0.14,0,"Low","Negative",3.66666666666667,-0.666666666666667
"48",14,1,1997,2,92,6,"young",131.6,0.14,10,"High","Positive",3.66666666666667,-1.66666666666667
"49",19,2,2008,13,105,13,"old",20.3,0.52,18,"Low","Positive",11.1666666666667,1.83333333333333
"50",19,2,2008,13,112,13,"old",20.3,0.52,18,"Low","Positive",11.1666666666667,1.83333333333333
"51",19,2,2007,12,113,13,"old",4.8,0.59,36,"Low","Positive",11.1666666666667,0.833333333333334
"52",19,2,2006,11,107,13,"old",31.5,-0.25,0,"Low","Negative",11.1666666666667,-0.166666666666666
"53",19,2,2005,10,94,13,"old",32.4,0.31,32,"Low","Positive",11.1666666666667,-1.16666666666667
"54",19,2,2003,8,96,13,"old",80.1,0,0,"Medium","Positive",11.1666666666667,-3.16666666666667
"55",20,1,1999,4,99,4,"young",47.7,0.38,37,"Low","Positive",3,1
"56",20,1,1998,3,101,4,"young",19.3,-0.14,0,"Low","Negative",3,0
"57",20,1,1997,2,125,4,"young",131.6,0.14,10,"High","Positive",3,-1
"58",24,2,2008,13,91,13,"old",20.3,0.52,18,"Low","Positive",10.5,2.5
"59",24,2,2007,12,93,13,"old",4.8,0.59,36,"Low","Positive",10.5,1.5
"60",24,2,2006,11,96,13,"old",31.5,-0.25,0,"Low","Negative",10.5,0.5
"61",24,2,2005,10,92,13,"old",32.4,0.31,32,"Low","Positive",10.5,-0.5
"62",24,2,2004,9,99,13,"old",16.3,0.42,9,"Low","Positive",10.5,-1.5
"63",24,2,2003,8,98,13,"old",80.1,0,0,"Medium","Positive",10.5,-2.5
"64",25,1,2000,5,87,5,"young",3.6,1.07,10,"Low","Positive",3.33333333333333,1.66666666666667
"65",25,1,1999,4,83,5,"young",47.7,0.38,37,"Low","Positive",3.33333333333333,0.666666666666667
"66",25,1,1996,1,90,5,"young",150.5,-0.7,7,"High","Negative",3.33333333333333,-2.33333333333333
"67",26,2,2004,9,104,9,"old",16.3,0.42,9,"Low","Positive",8.5,0.5
"68",26,2,2003,8,93,9,"old",80.1,0,0,"Medium","Positive",8.5,-0.5
"69",27,1,2015,20,90,20,"old",7.8,1.42,38,"Low","Positive",13.5454545454545,6.45454545454546
"70",27,1,2014,19,88,20,"old",0,0.86,21,"Low","Positive",13.5454545454545,5.45454545454546
"71",27,1,2012,17,89,20,"old",88.4,1.35,22,"Medium","Positive",13.5454545454545,3.45454545454546
"72",27,1,2011,16,90,20,"old",80.6,-0.61,0,"Medium","Negative",13.5454545454545,2.45454545454546
"73",27,1,2009,14,98,20,"old",56.5,0,0,"Medium","Positive",13.5454545454545,0.454545454545455
"74",27,1,2008,13,91,20,"old",20.3,0.52,18,"Low","Positive",13.5454545454545,-0.545454545454545
"75",27,1,2007,12,93,20,"old",4.8,0.59,36,"Low","Positive",13.5454545454545,-1.54545454545454
"76",27,1,2006,11,96,20,"old",31.5,-0.25,0,"Low","Negative",13.5454545454545,-2.54545454545454
"77",27,1,2005,10,92,20,"old",32.4,0.31,32,"Low","Positive",13.5454545454545,-3.54545454545454
"78",27,1,2004,9,99,20,"old",16.3,0.42,9,"Low","Positive",13.5454545454545,-4.54545454545454
"79",27,1,2003,8,98,20,"old",80.1,0,0,"Medium","Positive",13.5454545454545,-5.54545454545454
"80",28,2,2010,15,114,15,"old",94.7,-1.18,28,"Medium","Negative",12,3
"81",28,2,2009,14,97,15,"old",56.5,0,0,"Medium","Positive",12,2
"82",28,2,2008,13,99,15,"old",20.3,0.52,18,"Low","Positive",12,1
"83",28,2,2007,12,109,15,"old",4.8,0.59,36,"Low","Positive",12,0
"84",28,2,2005,10,97,15,"old",32.4,0.31,32,"Low","Positive",12,-2
"85",28,2,2003,8,107,15,"old",80.1,0,0,"Medium","Positive",12,-4
"86",29,1,2005,10,97,10,"old",32.4,0.31,32,"Low","Positive",9,1
"87",29,1,2003,8,107,10,"old",80.1,0,0,"Medium","Positive",9,-1
"88",30,2,1996,1,130,1,"young",150.5,-0.7,7,"High","Negative",1,0
"89",31,1,1996,1,130,1,"young",150.5,-0.7,7,"High","Negative",1,0
"90",32,2,2000,3,112,3,"young",3.6,1.07,10,"Low","Positive",2,1
"91",32,2,1998,1,98,3,"young",19.3,-0.14,0,"Low","Negative",2,-1
"92",33,1,2001,4,94,4,"young",27.7,-0.41,12,"Low","Negative",2.66666666666667,1.33333333333333
"93",33,1,2000,3,112,4,"young",3.6,1.07,10,"Low","Positive",2.66666666666667,0.333333333333333
"94",33,1,1998,1,98,4,"young",19.3,-0.14,0,"Low","Negative",2.66666666666667,-1.66666666666667
"95",34,2,1996,1,96,1,"young",150.5,-0.7,7,"High","Negative",1,0
"96",35,1,2000,5,94,5,"young",3.6,1.07,10,"Low","Positive",3.75,1.25
"97",35,1,2000,5,105,5,"young",3.6,1.07,10,"Low","Positive",3.75,1.25
"98",35,1,1999,4,106,5,"young",47.7,0.38,37,"Low","Positive",3.75,0.25
"99",35,1,1996,1,96,5,"young",150.5,-0.7,7,"High","Negative",3.75,-2.75
"100",38,2,2000,5,98,5,"young",3.6,1.07,10,"Low","Positive",3.5,1.5
"101",38,2,1997,2,124,5,"young",131.6,0.14,10,"High","Positive",3.5,-1.5
"102",39,1,2006,11,105,11,"old",31.5,-0.25,0,"Low","Negative",10.5,0.5
"103",39,1,2005,10,102,11,"old",32.4,0.31,32,"Low","Positive",10.5,-0.5
"104",40,2,2015,20,86,20,"old",7.8,1.42,38,"Low","Positive",13.9230769230769,6.07692307692308
"105",40,2,2014,19,82,20,"old",0,0.86,21,"Low","Positive",13.9230769230769,5.07692307692308
"106",40,2,2013,18,102,20,"old",73.2,-0.42,1,"Medium","Negative",13.9230769230769,4.07692307692308
"107",40,2,2012,17,85,20,"old",88.4,1.35,22,"Medium","Positive",13.9230769230769,3.07692307692308
"108",40,2,2011,16,87,20,"old",80.6,-0.61,0,"Medium","Negative",13.9230769230769,2.07692307692308
"109",40,2,2010,15,95,20,"old",94.7,-1.18,28,"Medium","Negative",13.9230769230769,1.07692307692308
"110",40,2,2008,13,101,20,"old",20.3,0.52,18,"Low","Positive",13.9230769230769,-0.923076923076923
"111",40,2,2008,13,120,20,"old",20.3,0.52,18,"Low","Positive",13.9230769230769,-0.923076923076923
"112",40,2,2007,12,100,20,"old",4.8,0.59,36,"Low","Positive",13.9230769230769,-1.92307692307692
"113",40,2,2006,11,99,20,"old",31.5,-0.25,0,"Low","Negative",13.9230769230769,-2.92307692307692
"114",40,2,2005,10,96,20,"old",32.4,0.31,32,"Low","Positive",13.9230769230769,-3.92307692307692
"115",40,2,2004,9,103,20,"old",16.3,0.42,9,"Low","Positive",13.9230769230769,-4.92307692307692
"116",40,2,2003,8,104,20,"old",80.1,0,0,"Medium","Positive",13.9230769230769,-5.92307692307692
"117",41,1,2008,13,101,13,"old",20.3,0.52,18,"Low","Positive",10.5,2.5
"118",41,1,2007,12,100,13,"old",4.8,0.59,36,"Low","Positive",10.5,1.5
"119",41,1,2006,11,99,13,"old",31.5,-0.25,0,"Low","Negative",10.5,0.5
"120",41,1,2005,10,96,13,"old",32.4,0.31,32,"Low","Positive",10.5,-0.5
"121",41,1,2004,9,103,13,"old",16.3,0.42,9,"Low","Positive",10.5,-1.5
"122",41,1,2003,8,104,13,"old",80.1,0,0,"Medium","Positive",10.5,-2.5
"123",43,2,2000,2,95,2,"young",3.6,1.07,10,"Low","Positive",1.5,0.5
"124",43,2,1999,1,86,2,"young",47.7,0.38,37,"Low","Positive",1.5,-0.5
"125",44,1,2003,5,95,5,"young",80.1,0,0,"Medium","Positive",2.6,2.4
"126",44,1,2001,3,90,5,"young",27.7,-0.41,12,"Low","Negative",2.6,0.4
"127",44,1,2000,2,95,5,"young",3.6,1.07,10,"Low","Positive",2.6,-0.6
"128",44,1,2000,2,95,5,"young",3.6,1.07,10,"Low","Positive",2.6,-0.6
"129",44,1,1999,1,86,5,"young",47.7,0.38,37,"Low","Positive",2.6,-1.6
"130",45,2,2015,17,81,17,"old",7.8,1.42,38,"Low","Positive",12.5,4.5
"131",45,2,2014,16,84,17,"old",0,0.86,21,"Low","Positive",12.5,3.5
"132",45,2,2013,15,91,17,"old",73.2,-0.42,1,"Medium","Negative",12.5,2.5
"133",45,2,2012,14,86,17,"old",88.4,1.35,22,"Medium","Positive",12.5,1.5
"134",45,2,2011,13,86,17,"old",80.6,-0.61,0,"Medium","Negative",12.5,0.5
"135",45,2,2010,12,87,17,"old",94.7,-1.18,28,"Medium","Negative",12.5,-0.5
"136",45,2,2009,11,87,17,"old",56.5,0,0,"Medium","Positive",12.5,-1.5
"137",45,2,2008,10,88,17,"old",20.3,0.52,18,"Low","Positive",12.5,-2.5
"138",45,2,2007,9,89,17,"old",4.8,0.59,36,"Low","Positive",12.5,-3.5
"139",45,2,2006,8,90,17,"old",31.5,-0.25,0,"Low","Negative",12.5,-4.5
"140",49,2,1996,1,101,1,"young",150.5,-0.7,7,"High","Negative",1,0
"141",50,1,1996,1,101,1,"young",150.5,-0.7,7,"High","Negative",1,0
"142",51,2,2003,8,91,8,"old",80.1,0,0,"Medium","Positive",8,0
"143",52,1,2005,10,94,10,"old",32.4,0.31,32,"Low","Positive",9,1
"144",52,1,2004,9,90,10,"old",16.3,0.42,9,"Low","Positive",9,0
"145",52,1,2003,8,91,10,"old",80.1,0,0,"Medium","Positive",9,-1
"146",54,2,1996,1,104,1,"young",150.5,-0.7,7,"High","Negative",1,0
"147",55,1,1996,1,104,1,"young",150.5,-0.7,7,"High","Negative",1,0
"148",56,2,2012,17,96,17,"old",88.4,1.35,22,"Medium","Positive",12,5
"149",56,2,2011,16,99,17,"old",80.6,-0.61,0,"Medium","Negative",12,4
"150",56,2,2008,13,94,17,"old",20.3,0.52,18,"Low","Positive",12,1
"151",56,2,2007,12,94,17,"old",4.8,0.59,36,"Low","Positive",12,0
"152",56,2,2006,11,97,17,"old",31.5,-0.25,0,"Low","Negative",12,-1
"153",56,2,2005,10,100,17,"old",32.4,0.31,32,"Low","Positive",12,-2
"154",56,2,2004,9,114,17,"old",16.3,0.42,9,"Low","Positive",12,-3
"155",56,2,2003,8,101,17,"old",80.1,0,0,"Medium","Positive",12,-4
"156",57,1,2012,17,96,17,"old",88.4,1.35,22,"Medium","Positive",12.5,4.5
"157",57,1,2011,16,95,17,"old",80.6,-0.61,0,"Medium","Negative",12.5,3.5
"158",57,1,2010,15,94,17,"old",94.7,-1.18,28,"Medium","Negative",12.5,2.5
"159",57,1,2009,14,93,17,"old",56.5,0,0,"Medium","Positive",12.5,1.5
"160",57,1,2008,13,94,17,"old",20.3,0.52,18,"Low","Positive",12.5,0.5
"161",57,1,2007,12,94,17,"old",4.8,0.59,36,"Low","Positive",12.5,-0.5
"162",57,1,2006,11,97,17,"old",31.5,-0.25,0,"Low","Negative",12.5,-1.5
"163",57,1,2005,10,100,17,"old",32.4,0.31,32,"Low","Positive",12.5,-2.5
"164",57,1,2004,9,114,17,"old",16.3,0.42,9,"Low","Positive",12.5,-3.5
"165",57,1,2003,8,101,17,"old",80.1,0,0,"Medium","Positive",12.5,-4.5
"166",58,2,1997,1,110,1,"young",131.6,0.14,10,"High","Positive",1,0
"167",59,1,2010,14,108,14,"old",94.7,-1.18,28,"Medium","Negative",11.1666666666667,2.83333333333333
"168",59,1,2009,13,92,14,"old",56.5,0,0,"Medium","Positive",11.1666666666667,1.83333333333333
"169",59,1,2008,12,95,14,"old",20.3,0.52,18,"Low","Positive",11.1666666666667,0.833333333333334
"170",59,1,2007,11,93,14,"old",4.8,0.59,36,"Low","Positive",11.1666666666667,-0.166666666666666
"171",59,1,2005,9,102,14,"old",32.4,0.31,32,"Low","Positive",11.1666666666667,-2.16666666666667
"172",59,1,2004,8,101,14,"old",16.3,0.42,9,"Low","Positive",11.1666666666667,-3.16666666666667
"173",60,2,2005,10,94,10,"old",32.4,0.31,32,"Low","Positive",9,1
"174",60,2,2003,8,100,10,"old",80.1,0,0,"Medium","Positive",9,-1
"175",61,1,2009,14,98,14,"old",56.5,0,0,"Medium","Positive",11.4,2.6
"176",61,1,2008,13,96,14,"old",20.3,0.52,18,"Low","Positive",11.4,1.6
"177",61,1,2007,12,91,14,"old",4.8,0.59,36,"Low","Positive",11.4,0.6
"178",61,1,2005,10,94,14,"old",32.4,0.31,32,"Low","Positive",11.4,-1.4
"179",61,1,2003,8,100,14,"old",80.1,0,0,"Medium","Positive",11.4,-3.4
"180",62,2,2010,15,108,15,"old",94.7,-1.18,28,"Medium","Negative",11.5714285714286,3.42857142857143
"181",62,2,2009,14,92,15,"old",56.5,0,0,"Medium","Positive",11.5714285714286,2.42857142857143
"182",62,2,2008,13,95,15,"old",20.3,0.52,18,"Low","Positive",11.5714285714286,1.42857142857143
"183",62,2,2007,12,93,15,"old",4.8,0.59,36,"Low","Positive",11.5714285714286,0.428571428571429
"184",62,2,2005,10,102,15,"old",32.4,0.31,32,"Low","Positive",11.5714285714286,-1.57142857142857
"185",62,2,2004,9,101,15,"old",16.3,0.42,9,"Low","Positive",11.5714285714286,-2.57142857142857
"186",62,2,2003,8,95,15,"old",80.1,0,0,"Medium","Positive",11.5714285714286,-3.57142857142857
"187",63,1,2015,20,102,20,"old",7.8,1.42,38,"Low","Positive",18,2
"188",63,1,2014,19,89,20,"old",0,0.86,21,"Low","Positive",18,1
"189",63,1,2012,17,96,20,"old",88.4,1.35,22,"Medium","Positive",18,-1
"190",63,1,2011,16,99,20,"old",80.6,-0.61,0,"Medium","Negative",18,-2
"191",68,2,2014,16,85,16,"old",0,0.86,21,"Low","Positive",11.625,4.375
"192",68,2,2012,14,95,16,"old",88.4,1.35,22,"Medium","Positive",11.625,2.375
"193",68,2,2011,13,93,16,"old",80.6,-0.61,0,"Medium","Negative",11.625,1.375
"194",68,2,2010,12,101,16,"old",94.7,-1.18,28,"Medium","Negative",11.625,0.375
"195",68,2,2009,11,100,16,"old",56.5,0,0,"Medium","Positive",11.625,-0.625
"196",68,2,2008,10,93,16,"old",20.3,0.52,18,"Low","Positive",11.625,-1.625
"197",68,2,2007,9,89,16,"old",4.8,0.59,36,"Low","Positive",11.625,-2.625
"198",68,2,2006,8,102,16,"old",31.5,-0.25,0,"Low","Negative",11.625,-3.625
"199",69,1,2015,17,96,17,"old",7.8,1.42,38,"Low","Positive",12.2222222222222,4.77777777777778
"200",69,1,2014,16,85,17,"old",0,0.86,21,"Low","Positive",12.2222222222222,3.77777777777778
"201",69,1,2012,14,95,17,"old",88.4,1.35,22,"Medium","Positive",12.2222222222222,1.77777777777778
"202",69,1,2011,13,93,17,"old",80.6,-0.61,0,"Medium","Negative",12.2222222222222,0.777777777777779
"203",69,1,2010,12,101,17,"old",94.7,-1.18,28,"Medium","Negative",12.2222222222222,-0.222222222222221
"204",69,1,2009,11,100,17,"old",56.5,0,0,"Medium","Positive",12.2222222222222,-1.22222222222222
"205",69,1,2008,10,93,17,"old",20.3,0.52,18,"Low","Positive",12.2222222222222,-2.22222222222222
"206",69,1,2007,9,89,17,"old",4.8,0.59,36,"Low","Positive",12.2222222222222,-3.22222222222222
"207",69,1,2006,8,102,17,"old",31.5,-0.25,0,"Low","Negative",12.2222222222222,-4.22222222222222
"208",70,2,2003,7,95,7,"young",80.1,0,0,"Medium","Positive",5.33333333333333,1.66666666666667
"209",70,2,2001,5,90,7,"young",27.7,-0.41,12,"Low","Negative",5.33333333333333,-0.333333333333333
"210",70,2,2000,4,95,7,"young",3.6,1.07,10,"Low","Positive",5.33333333333333,-1.33333333333333
"211",74,2,2001,6,93,6,"young",27.7,-0.41,12,"Low","Negative",3.5,2.5
"212",74,2,2000,5,94,6,"young",3.6,1.07,10,"Low","Positive",3.5,1.5
"213",74,2,1999,4,93,6,"young",47.7,0.38,37,"Low","Positive",3.5,0.5
"214",74,2,1998,3,100,6,"young",19.3,-0.14,0,"Low","Negative",3.5,-0.5
"215",74,2,1997,2,94,6,"young",131.6,0.14,10,"High","Positive",3.5,-1.5
"216",74,2,1996,1,94,6,"young",150.5,-0.7,7,"High","Negative",3.5,-2.5
"217",75,1,2009,14,91,14,"old",56.5,0,0,"Medium","Positive",11,3
"218",75,1,2008,13,93,14,"old",20.3,0.52,18,"Low","Positive",11,2
"219",75,1,2007,12,87,14,"old",4.8,0.59,36,"Low","Positive",11,1
"220",75,1,2006,11,94,14,"old",31.5,-0.25,0,"Low","Negative",11,0
"221",75,1,2005,10,92,14,"old",32.4,0.31,32,"Low","Positive",11,-1
"222",75,1,2004,9,90,14,"old",16.3,0.42,9,"Low","Positive",11,-2
"223",75,1,2003,8,99,14,"old",80.1,0,0,"Medium","Positive",11,-3
"224",77,1,2014,16,94,16,"old",0,0.86,21,"Low","Positive",12.5,3.5
"225",77,1,2012,14,92,16,"old",88.4,1.35,22,"Medium","Positive",12.5,1.5
"226",77,1,2011,13,92,16,"old",80.6,-0.61,0,"Medium","Negative",12.5,0.5
"227",77,1,2010,12,100,16,"old",94.7,-1.18,28,"Medium","Negative",12.5,-0.5
"228",77,1,2009,11,99,16,"old",56.5,0,0,"Medium","Positive",12.5,-1.5
"229",77,1,2007,9,99,16,"old",4.8,0.59,36,"Low","Positive",12.5,-3.5
"230",82,2,2011,16,111,16,"old",80.6,-0.61,0,"Medium","Negative",11.2857142857143,4.71428571428571
"231",82,2,2008,13,88,16,"old",20.3,0.52,18,"Low","Positive",11.2857142857143,1.71428571428571
"232",82,2,2007,12,98,16,"old",4.8,0.59,36,"Low","Positive",11.2857142857143,0.714285714285714
"233",82,2,2006,11,98,16,"old",31.5,-0.25,0,"Low","Negative",11.2857142857143,-0.285714285714286
"234",82,2,2005,10,90,16,"old",32.4,0.31,32,"Low","Positive",11.2857142857143,-1.28571428571429
"235",82,2,2004,9,105,16,"old",16.3,0.42,9,"Low","Positive",11.2857142857143,-2.28571428571429
"236",82,2,2003,8,95,16,"old",80.1,0,0,"Medium","Positive",11.2857142857143,-3.28571428571429
"237",83,1,2008,13,88,13,"old",20.3,0.52,18,"Low","Positive",10.5,2.5
"238",83,1,2007,12,98,13,"old",4.8,0.59,36,"Low","Positive",10.5,1.5
"239",83,1,2006,11,98,13,"old",31.5,-0.25,0,"Low","Negative",10.5,0.5
"240",83,1,2005,10,90,13,"old",32.4,0.31,32,"Low","Positive",10.5,-0.5
"241",83,1,2004,9,105,13,"old",16.3,0.42,9,"Low","Positive",10.5,-1.5
"242",83,1,2003,8,95,13,"old",80.1,0,0,"Medium","Positive",10.5,-2.5
"243",86,2,2003,8,97,8,"old",80.1,0,0,"Medium","Positive",8,0
"244",87,1,2009,14,97,14,"old",56.5,0,0,"Medium","Positive",11.75,2.25
"245",87,1,2008,13,96,14,"old",20.3,0.52,18,"Low","Positive",11.75,1.25
"246",87,1,2007,12,93,14,"old",4.8,0.59,36,"Low","Positive",11.75,0.25
"247",87,1,2003,8,97,14,"old",80.1,0,0,"Medium","Positive",11.75,-3.75
"248",88,2,1997,2,92,2,"young",131.6,0.14,10,"High","Positive",2,0
"249",89,1,1997,2,92,2,"young",131.6,0.14,10,"High","Positive",2,0
"250",92,2,1996,1,188,1,"young",150.5,-0.7,7,"High","Negative",1,0
"251",93,1,1996,1,188,1,"young",150.5,-0.7,7,"High","Negative",1,0
"252",96,2,2001,6,95,6,"young",27.7,-0.41,12,"Low","Negative",3.6,2.4
"253",96,2,2000,5,96,6,"young",3.6,1.07,10,"Low","Positive",3.6,1.4
"254",96,2,1999,4,91,6,"young",47.7,0.38,37,"Low","Positive",3.6,0.4
"255",96,2,1997,2,93,6,"young",131.6,0.14,10,"High","Positive",3.6,-1.6
"256",96,2,1996,1,91,6,"young",150.5,-0.7,7,"High","Negative",3.6,-2.6
"257",97,1,2007,12,99,12,"old",4.8,0.59,36,"Low","Positive",9.75,2.25
"258",97,1,2005,10,92,12,"old",32.4,0.31,32,"Low","Positive",9.75,0.25
"259",97,1,2004,9,105,12,"old",16.3,0.42,9,"Low","Positive",9.75,-0.75
"260",97,1,2003,8,94,12,"old",80.1,0,0,"Medium","Positive",9.75,-1.75
"261",98,2,2012,17,93,17,"old",88.4,1.35,22,"Medium","Positive",11.8888888888889,5.11111111111111
"262",98,2,2011,16,97,17,"old",80.6,-0.61,0,"Medium","Negative",11.8888888888889,4.11111111111111
"263",98,2,2009,14,94,17,"old",56.5,0,0,"Medium","Positive",11.8888888888889,2.11111111111111
"264",98,2,2007,12,93,17,"old",4.8,0.59,36,"Low","Positive",11.8888888888889,0.111111111111111
"265",98,2,2006,11,108,17,"old",31.5,-0.25,0,"Low","Negative",11.8888888888889,-0.888888888888889
"266",98,2,2005,10,102,17,"old",32.4,0.31,32,"Low","Positive",11.8888888888889,-1.88888888888889
"267",98,2,2005,10,126,17,"old",32.4,0.31,32,"Low","Positive",11.8888888888889,-1.88888888888889
"268",98,2,2004,9,103,17,"old",16.3,0.42,9,"Low","Positive",11.8888888888889,-2.88888888888889
"269",98,2,2003,8,99,17,"old",80.1,0,0,"Medium","Positive",11.8888888888889,-3.88888888888889
"270",99,1,2006,11,108,11,"old",31.5,-0.25,0,"Low","Negative",9.6,1.4
"271",99,1,2005,10,102,11,"old",32.4,0.31,32,"Low","Positive",9.6,0.4
"272",99,1,2005,10,126,11,"old",32.4,0.31,32,"Low","Positive",9.6,0.4
"273",99,1,2004,9,103,11,"old",16.3,0.42,9,"Low","Positive",9.6,-0.6
"274",99,1,2003,8,99,11,"old",80.1,0,0,"Medium","Positive",9.6,-1.6
"275",100,2,1998,1,93,1,"young",19.3,-0.14,0,"Low","Negative",1,0
"276",101,1,1999,4,89,4,"young",47.7,0.38,37,"Low","Positive",2.66666666666667,1.33333333333333
"277",101,1,1998,3,93,4,"young",19.3,-0.14,0,"Low","Negative",2.66666666666667,0.333333333333333
"278",101,1,1996,1,91,4,"young",150.5,-0.7,7,"High","Negative",2.66666666666667,-1.66666666666667
"279",104,2,2015,17,91,17,"old",7.8,1.42,38,"Low","Positive",13.3333333333333,3.66666666666667
"280",104,2,2014,16,102,17,"old",0,0.86,21,"Low","Positive",13.3333333333333,2.66666666666667
"281",104,2,2014,16,74,17,"old",0,0.86,21,"Low","Positive",13.3333333333333,2.66666666666667
"282",104,2,2013,15,98,17,"old",73.2,-0.42,1,"Medium","Negative",13.3333333333333,1.66666666666667
"283",104,2,2012,14,82,17,"old",88.4,1.35,22,"Medium","Positive",13.3333333333333,0.666666666666666
"284",104,2,2010,12,90,17,"old",94.7,-1.18,28,"Medium","Negative",13.3333333333333,-1.33333333333333
"285",104,2,2009,11,98,17,"old",56.5,0,0,"Medium","Positive",13.3333333333333,-2.33333333333333
"286",104,2,2008,10,96,17,"old",20.3,0.52,18,"Low","Positive",13.3333333333333,-3.33333333333333
"287",104,2,2007,9,91,17,"old",4.8,0.59,36,"Low","Positive",13.3333333333333,-4.33333333333333
"288",105,1,2015,17,99,17,"old",7.8,1.42,38,"Low","Positive",13.6666666666667,3.33333333333333
"289",105,1,2014,16,92,17,"old",0,0.86,21,"Low","Positive",13.6666666666667,2.33333333333333
"290",105,1,2012,14,103,17,"old",88.4,1.35,22,"Medium","Positive",13.6666666666667,0.333333333333334
"291",105,1,2011,13,104,17,"old",80.6,-0.61,0,"Medium","Negative",13.6666666666667,-0.666666666666666
"292",105,1,2010,12,96,17,"old",94.7,-1.18,28,"Medium","Negative",13.6666666666667,-1.66666666666667
"293",105,1,2008,10,106,17,"old",20.3,0.52,18,"Low","Positive",13.6666666666667,-3.66666666666667
"294",106,2,2000,5,110,5,"young",3.6,1.07,10,"Low","Positive",3,2
"295",106,2,1999,4,103,5,"young",47.7,0.38,37,"Low","Positive",3,1
"296",106,2,1998,3,101,5,"young",19.3,-0.14,0,"Low","Negative",3,0
"297",106,2,1997,2,104,5,"young",131.6,0.14,10,"High","Positive",3,-1
"298",106,2,1996,1,96,5,"young",150.5,-0.7,7,"High","Negative",3,-2
"299",107,1,2005,10,101,10,"old",32.4,0.31,32,"Low","Positive",9,1
"300",107,1,2004,9,108,10,"old",16.3,0.42,9,"Low","Positive",9,0
"301",107,1,2003,8,100,10,"old",80.1,0,0,"Medium","Positive",9,-1
"302",110,2,2001,6,91,6,"young",27.7,-0.41,12,"Low","Negative",5,1
"303",110,2,2000,5,104,6,"young",3.6,1.07,10,"Low","Positive",5,0
"304",110,2,1999,4,97,6,"young",47.7,0.38,37,"Low","Positive",5,-1
"305",111,1,2009,12,104,12,"old",56.5,0,0,"Medium","Positive",10,2
"306",111,1,2008,11,108,12,"old",20.3,0.52,18,"Low","Positive",10,1
"307",111,1,2007,10,104,12,"old",4.8,0.59,36,"Low","Positive",10,0
"308",111,1,2006,9,108,12,"old",31.5,-0.25,0,"Low","Negative",10,-1
"309",111,1,2005,8,105,12,"old",32.4,0.31,32,"Low","Positive",10,-2
"310",112,2,2000,5,93,5,"young",3.6,1.07,10,"Low","Positive",2.75,2.25
"311",112,2,1998,3,104,5,"young",19.3,-0.14,0,"Low","Negative",2.75,0.25
"312",112,2,1997,2,110,5,"young",131.6,0.14,10,"High","Positive",2.75,-0.75
"313",112,2,1996,1,103,5,"young",150.5,-0.7,7,"High","Negative",2.75,-1.75
"314",113,1,2004,9,108,9,"old",16.3,0.42,9,"Low","Positive",8.5,0.5
"315",113,1,2003,8,111,9,"old",80.1,0,0,"Medium","Positive",8.5,-0.5
"316",114,2,1999,4,95,4,"young",47.7,0.38,37,"Low","Positive",2.5,1.5
"317",114,2,1998,3,111,4,"young",19.3,-0.14,0,"Low","Negative",2.5,0.5
"318",114,2,1997,2,111,4,"young",131.6,0.14,10,"High","Positive",2.5,-0.5
"319",114,2,1996,1,95,4,"young",150.5,-0.7,7,"High","Negative",2.5,-1.5
"320",115,1,2005,10,98,10,"old",32.4,0.31,32,"Low","Positive",9,1
"321",115,1,2003,8,94,10,"old",80.1,0,0,"Medium","Positive",9,-1
"322",116,2,2003,5,94,5,"young",80.1,0,0,"Medium","Positive",2.4,2.6
"323",116,2,2001,3,101,5,"young",27.7,-0.41,12,"Low","Negative",2.4,0.6
"324",116,2,2000,2,118,5,"young",3.6,1.07,10,"Low","Positive",2.4,-0.4
"325",116,2,1999,1,95,5,"young",47.7,0.38,37,"Low","Positive",2.4,-1.4
"326",116,2,1999,1,95,5,"young",47.7,0.38,37,"Low","Positive",2.4,-1.4
"327",117,1,1999,1,95,1,"young",47.7,0.38,37,"Low","Positive",1,0
"328",118,2,2001,2,106,2,"young",27.7,-0.41,12,"Low","Negative",1.5,0.5
"329",118,2,2000,1,110,2,"young",3.6,1.07,10,"Low","Positive",1.5,-0.5
"330",122,2,2011,16,107,16,"old",80.6,-0.61,0,"Medium","Negative",12.375,3.625
"331",122,2,2010,15,103,16,"old",94.7,-1.18,28,"Medium","Negative",12.375,2.625
"332",122,2,2009,14,98,16,"old",56.5,0,0,"Medium","Positive",12.375,1.625
"333",122,2,2008,13,105,16,"old",20.3,0.52,18,"Low","Positive",12.375,0.625
"334",122,2,2007,12,108,16,"old",4.8,0.59,36,"Low","Positive",12.375,-0.375
"335",122,2,2006,11,116,16,"old",31.5,-0.25,0,"Low","Negative",12.375,-1.375
"336",122,2,2005,10,98,16,"old",32.4,0.31,32,"Low","Positive",12.375,-2.375
"337",122,2,2003,8,94,16,"old",80.1,0,0,"Medium","Positive",12.375,-4.375
"338",126,2,2015,17,79,17,"old",7.8,1.42,38,"Low","Positive",12.5,4.5
"339",126,2,2014,16,80,17,"old",0,0.86,21,"Low","Positive",12.5,3.5
"340",126,2,2013,15,90,17,"old",73.2,-0.42,1,"Medium","Negative",12.5,2.5
"341",126,2,2012,14,85,17,"old",88.4,1.35,22,"Medium","Positive",12.5,1.5
"342",126,2,2011,13,86,17,"old",80.6,-0.61,0,"Medium","Negative",12.5,0.5
"343",126,2,2010,12,86,17,"old",94.7,-1.18,28,"Medium","Negative",12.5,-0.5
"344",126,2,2009,11,86,17,"old",56.5,0,0,"Medium","Positive",12.5,-1.5
"345",126,2,2008,10,84,17,"old",20.3,0.52,18,"Low","Positive",12.5,-2.5
"346",126,2,2007,9,85,17,"old",4.8,0.59,36,"Low","Positive",12.5,-3.5
"347",126,2,2006,8,92,17,"old",31.5,-0.25,0,"Low","Negative",12.5,-4.5
"348",127,1,2015,17,79,17,"old",7.8,1.42,38,"Low","Positive",12.5,4.5
"349",127,1,2014,16,80,17,"old",0,0.86,21,"Low","Positive",12.5,3.5
"350",127,1,2013,15,90,17,"old",73.2,-0.42,1,"Medium","Negative",12.5,2.5
"351",127,1,2012,14,85,17,"old",88.4,1.35,22,"Medium","Positive",12.5,1.5
"352",127,1,2011,13,86,17,"old",80.6,-0.61,0,"Medium","Negative",12.5,0.5
"353",127,1,2010,12,86,17,"old",94.7,-1.18,28,"Medium","Negative",12.5,-0.5
"354",127,1,2009,11,86,17,"old",56.5,0,0,"Medium","Positive",12.5,-1.5
"355",127,1,2008,10,84,17,"old",20.3,0.52,18,"Low","Positive",12.5,-2.5
"356",127,1,2007,9,85,17,"old",4.8,0.59,36,"Low","Positive",12.5,-3.5
"357",127,1,2006,8,92,17,"old",31.5,-0.25,0,"Low","Negative",12.5,-4.5
"358",128,2,2010,15,93,15,"old",94.7,-1.18,28,"Medium","Negative",11.25,3.75
"359",128,2,2006,11,104,15,"old",31.5,-0.25,0,"Low","Negative",11.25,-0.25
"360",128,2,2005,10,100,15,"old",32.4,0.31,32,"Low","Positive",11.25,-1.25
"361",128,2,2004,9,98,15,"old",16.3,0.42,9,"Low","Positive",11.25,-2.25
"362",129,1,2001,6,101,6,"young",27.7,-0.41,12,"Low","Negative",3.5,2.5
"363",129,1,2000,5,94,6,"young",3.6,1.07,10,"Low","Positive",3.5,1.5
"364",129,1,1999,4,99,6,"young",47.7,0.38,37,"Low","Positive",3.5,0.5
"365",129,1,1998,3,109,6,"young",19.3,-0.14,0,"Low","Negative",3.5,-0.5
"366",129,1,1997,2,95,6,"young",131.6,0.14,10,"High","Positive",3.5,-1.5
"367",129,1,1996,1,92,6,"young",150.5,-0.7,7,"High","Negative",3.5,-2.5
"368",130,2,2007,12,99,12,"old",4.8,0.59,36,"Low","Positive",9.4,2.6
"369",130,2,2005,10,104,12,"old",32.4,0.31,32,"Low","Positive",9.4,0.6
"370",130,2,2004,9,99,12,"old",16.3,0.42,9,"Low","Positive",9.4,-0.4
"371",130,2,2003,8,106,12,"old",80.1,0,0,"Medium","Positive",9.4,-1.4
"372",130,2,2003,8,123,12,"old",80.1,0,0,"Medium","Positive",9.4,-1.4
"373",131,1,1998,3,109,3,"young",19.3,-0.14,0,"Low","Negative",2,1
"374",131,1,1997,2,98,3,"young",131.6,0.14,10,"High","Positive",2,0
"375",131,1,1996,1,95,3,"young",150.5,-0.7,7,"High","Negative",2,-1
"376",137,1,2015,15,96,15,"old",7.8,1.42,38,"Low","Positive",12.5,2.5
"377",137,1,2014,14,97,15,"old",0,0.86,21,"Low","Positive",12.5,1.5
"378",137,1,2013,13,106,15,"old",73.2,-0.42,1,"Medium","Negative",12.5,0.5
"379",137,1,2012,12,100,15,"old",88.4,1.35,22,"Medium","Positive",12.5,-0.5
"380",137,1,2011,11,105,15,"old",80.6,-0.61,0,"Medium","Negative",12.5,-1.5
"381",137,1,2010,10,97,15,"old",94.7,-1.18,28,"Medium","Negative",12.5,-2.5
"382",140,2,2000,4,87,4,"young",3.6,1.07,10,"Low","Positive",2.5,1.5
"383",140,2,1997,1,93,4,"young",131.6,0.14,10,"High","Positive",2.5,-1.5
"384",141,1,2000,4,87,4,"young",3.6,1.07,10,"Low","Positive",2.5,1.5
"385",141,1,1997,1,93,4,"young",131.6,0.14,10,"High","Positive",2.5,-1.5
"386",143,2,1999,1,91,1,"young",47.7,0.38,37,"Low","Positive",1,0
"387",144,1,1999,1,91,1,"young",47.7,0.38,37,"Low","Positive",1,0
"388",145,2,2001,5,96,5,"young",27.7,-0.41,12,"Low","Negative",3,2
"389",145,2,2000,4,108,5,"young",3.6,1.07,10,"Low","Positive",3,1
"390",145,2,1999,3,103,5,"young",47.7,0.38,37,"Low","Positive",3,0
"391",145,2,1998,2,138,5,"young",19.3,-0.14,0,"Low","Negative",3,-1
"392",145,2,1997,1,106,5,"young",131.6,0.14,10,"High","Positive",3,-2
"393",147,2,2011,15,89,15,"old",80.6,-0.61,0,"Medium","Negative",15,0
"394",148,1,2015,19,89,19,"old",7.8,1.42,38,"Low","Positive",17,2
"395",148,1,2014,18,83,19,"old",0,0.86,21,"Low","Positive",17,1
"396",148,1,2012,16,89,19,"old",88.4,1.35,22,"Medium","Positive",17,-1
"397",148,1,2011,15,89,19,"old",80.6,-0.61,0,"Medium","Negative",17,-2
"398",149,2,2001,4,100,4,"young",27.7,-0.41,12,"Low","Negative",3,1
"399",149,2,2000,3,98,4,"young",3.6,1.07,10,"Low","Positive",3,0
"400",149,2,1999,2,116,4,"young",47.7,0.38,37,"Low","Positive",3,-1
"401",150,1,2001,4,100,4,"young",27.7,-0.41,12,"Low","Negative",3,1
"402",150,1,2000,3,98,4,"young",3.6,1.07,10,"Low","Positive",3,0
"403",150,1,1999,2,116,4,"young",47.7,0.38,37,"Low","Positive",3,-1
"404",155,2,2001,2,89,2,"young",27.7,-0.41,12,"Low","Negative",2,0
"405",156,1,2001,6,89,6,"young",27.7,-0.41,12,"Low","Negative",4,2
"406",156,1,1997,2,97,6,"young",131.6,0.14,10,"High","Positive",4,-2
"407",157,2,2000,5,103,5,"young",3.6,1.07,10,"Low","Positive",3.33333333333333,1.66666666666667
"408",157,2,1998,3,100,5,"young",19.3,-0.14,0,"Low","Negative",3.33333333333333,-0.333333333333333
"409",157,2,1997,2,97,5,"young",131.6,0.14,10,"High","Positive",3.33333333333333,-1.33333333333333
"410",158,1,2001,4,99,4,"young",27.7,-0.41,12,"Low","Negative",2.66666666666667,1.33333333333333
"411",158,1,2000,3,103,4,"young",3.6,1.07,10,"Low","Positive",2.66666666666667,0.333333333333333
"412",158,1,1998,1,100,4,"young",19.3,-0.14,0,"Low","Negative",2.66666666666667,-1.66666666666667
"413",159,2,2007,12,94,12,"old",4.8,0.59,36,"Low","Positive",10,2
"414",159,2,2006,11,93,12,"old",31.5,-0.25,0,"Low","Negative",10,1
"415",159,2,2004,9,83,12,"old",16.3,0.42,9,"Low","Positive",10,-1
"416",159,2,2003,8,95,12,"old",80.1,0,0,"Medium","Positive",10,-2
"417",160,1,2001,6,89,6,"young",27.7,-0.41,12,"Low","Negative",3.5,2.5
"418",160,1,2000,5,98,6,"young",3.6,1.07,10,"Low","Positive",3.5,1.5
"419",160,1,1999,4,88,6,"young",47.7,0.38,37,"Low","Positive",3.5,0.5
"420",160,1,1998,3,107,6,"young",19.3,-0.14,0,"Low","Negative",3.5,-0.5
"421",160,1,1997,2,107,6,"young",131.6,0.14,10,"High","Positive",3.5,-1.5
"422",160,1,1996,1,93,6,"young",150.5,-0.7,7,"High","Negative",3.5,-2.5
"423",161,2,2014,9,97,9,"old",0,0.86,21,"Low","Positive",9,0
"424",163,2,1996,1,97,1,"young",150.5,-0.7,7,"High","Negative",1,0
"425",164,1,1996,1,97,1,"young",150.5,-0.7,7,"High","Negative",1,0
"426",165,2,2015,20,89,20,"old",7.8,1.42,38,"Low","Positive",15.6666666666667,4.33333333333333
"427",165,2,2014,19,83,20,"old",0,0.86,21,"Low","Positive",15.6666666666667,3.33333333333333
"428",165,2,2013,18,103,20,"old",73.2,-0.42,1,"Medium","Negative",15.6666666666667,2.33333333333333
"429",165,2,2011,16,101,20,"old",80.6,-0.61,0,"Medium","Negative",15.6666666666667,0.333333333333334
"430",165,2,2006,11,105,20,"old",31.5,-0.25,0,"Low","Negative",15.6666666666667,-4.66666666666667
"431",165,2,2005,10,92,20,"old",32.4,0.31,32,"Low","Positive",15.6666666666667,-5.66666666666667
"432",166,1,2000,5,108,5,"young",3.6,1.07,10,"Low","Positive",4,1
"433",166,1,1999,4,101,5,"young",47.7,0.38,37,"Low","Positive",4,0
"434",166,1,1998,3,120,5,"young",19.3,-0.14,0,"Low","Negative",4,-1
"435",167,2,2006,11,92,11,"old",31.5,-0.25,0,"Low","Negative",10.5,0.5
"436",167,2,2005,10,93,11,"old",32.4,0.31,32,"Low","Positive",10.5,-0.5
"437",168,1,2000,3,108,3,"young",3.6,1.07,10,"Low","Positive",2.5,0.5
"438",168,1,1999,2,98,3,"young",47.7,0.38,37,"Low","Positive",2.5,-0.5
"439",173,2,2004,9,111,9,"old",16.3,0.42,9,"Low","Positive",8.5,0.5
"440",173,2,2003,8,101,9,"old",80.1,0,0,"Medium","Positive",8.5,-0.5
"441",174,1,2004,9,111,9,"old",16.3,0.42,9,"Low","Positive",8.5,0.5
"442",174,1,2003,8,101,9,"old",80.1,0,0,"Medium","Positive",8.5,-0.5
"443",175,2,2005,10,101,10,"old",32.4,0.31,32,"Low","Positive",9,1
"444",175,2,2004,9,99,10,"old",16.3,0.42,9,"Low","Positive",9,0
"445",175,2,2003,8,102,10,"old",80.1,0,0,"Medium","Positive",9,-1
"446",176,1,2001,6,102,6,"young",27.7,-0.41,12,"Low","Negative",4,2
"447",176,1,1999,4,97,6,"young",47.7,0.38,37,"Low","Positive",4,0
"448",176,1,1997,2,111,6,"young",131.6,0.14,10,"High","Positive",4,-2
"449",178,2,1998,3,111,3,"young",19.3,-0.14,0,"Low","Negative",2,1
"450",178,2,1996,1,91,3,"young",150.5,-0.7,7,"High","Negative",2,-1
"451",179,1,1998,3,111,3,"young",19.3,-0.14,0,"Low","Negative",2,1
"452",179,1,1996,1,91,3,"young",150.5,-0.7,7,"High","Negative",2,-1
"453",189,2,2000,5,96,5,"young",3.6,1.07,10,"Low","Positive",3.6,1.4
"454",189,2,1999,4,91,5,"young",47.7,0.38,37,"Low","Positive",3.6,0.4
"455",189,2,1999,4,95,5,"young",47.7,0.38,37,"Low","Positive",3.6,0.4
"456",189,2,1998,3,117,5,"young",19.3,-0.14,0,"Low","Negative",3.6,-0.6
"457",189,2,1997,2,104,5,"young",131.6,0.14,10,"High","Positive",3.6,-1.6
"458",190,1,2013,18,112,18,"old",73.2,-0.42,1,"Medium","Negative",13,5
"459",190,1,2012,17,92,18,"old",88.4,1.35,22,"Medium","Positive",13,4
"460",190,1,2011,16,99,18,"old",80.6,-0.61,0,"Medium","Negative",13,3
"461",190,1,2010,15,93,18,"old",94.7,-1.18,28,"Medium","Negative",13,2
"462",190,1,2009,14,95,18,"old",56.5,0,0,"Medium","Positive",13,1
"463",190,1,2007,12,94,18,"old",4.8,0.59,36,"Low","Positive",13,-1
"464",190,1,2006,11,101,18,"old",31.5,-0.25,0,"Low","Negative",13,-2
"465",190,1,2005,10,96,18,"old",32.4,0.31,32,"Low","Positive",13,-3
"466",190,1,2004,9,100,18,"old",16.3,0.42,9,"Low","Positive",13,-4
"467",190,1,2003,8,94,18,"old",80.1,0,0,"Medium","Positive",13,-5
"468",193,2,1998,1,113,1,"young",19.3,-0.14,0,"Low","Negative",1,0
"469",194,1,1998,1,113,1,"young",19.3,-0.14,0,"Low","Negative",1,0
"470",196,2,2015,20,89,20,"old",7.8,1.42,38,"Low","Positive",14.0909090909091,5.90909090909091
"471",196,2,2015,20,92,20,"old",7.8,1.42,38,"Low","Positive",14.0909090909091,5.90909090909091
"472",196,2,2014,19,84,20,"old",0,0.86,21,"Low","Positive",14.0909090909091,4.90909090909091
"473",196,2,2012,17,88,20,"old",88.4,1.35,22,"Medium","Positive",14.0909090909091,2.90909090909091
"474",196,2,2010,15,95,20,"old",94.7,-1.18,28,"Medium","Negative",14.0909090909091,0.909090909090908
"475",196,2,2009,14,99,20,"old",56.5,0,0,"Medium","Positive",14.0909090909091,-0.0909090909090917
"476",196,2,2007,12,92,20,"old",4.8,0.59,36,"Low","Positive",14.0909090909091,-2.09090909090909
"477",196,2,2006,11,96,20,"old",31.5,-0.25,0,"Low","Negative",14.0909090909091,-3.09090909090909
"478",196,2,2005,10,92,20,"old",32.4,0.31,32,"Low","Positive",14.0909090909091,-4.09090909090909
"479",196,2,2004,9,93,20,"old",16.3,0.42,9,"Low","Positive",14.0909090909091,-5.09090909090909
"480",196,2,2003,8,95,20,"old",80.1,0,0,"Medium","Positive",14.0909090909091,-6.09090909090909
"481",197,1,2015,20,89,20,"old",7.8,1.42,38,"Low","Positive",14.0909090909091,5.90909090909091
"482",197,1,2015,20,92,20,"old",7.8,1.42,38,"Low","Positive",14.0909090909091,5.90909090909091
"483",197,1,2014,19,84,20,"old",0,0.86,21,"Low","Positive",14.0909090909091,4.90909090909091
"484",197,1,2012,17,88,20,"old",88.4,1.35,22,"Medium","Positive",14.0909090909091,2.90909090909091
"485",197,1,2010,15,95,20,"old",94.7,-1.18,28,"Medium","Negative",14.0909090909091,0.909090909090908
"486",197,1,2009,14,99,20,"old",56.5,0,0,"Medium","Positive",14.0909090909091,-0.0909090909090917
"487",197,1,2007,12,92,20,"old",4.8,0.59,36,"Low","Positive",14.0909090909091,-2.09090909090909
"488",197,1,2006,11,96,20,"old",31.5,-0.25,0,"Low","Negative",14.0909090909091,-3.09090909090909
"489",197,1,2005,10,92,20,"old",32.4,0.31,32,"Low","Positive",14.0909090909091,-4.09090909090909
"490",197,1,2004,9,93,20,"old",16.3,0.42,9,"Low","Positive",14.0909090909091,-5.09090909090909
"491",197,1,2003,8,95,20,"old",80.1,0,0,"Medium","Positive",14.0909090909091,-6.09090909090909
"492",199,1,2000,2,93,2,"young",3.6,1.07,10,"Low","Positive",2,0
"493",201,1,2001,3,91,3,"young",27.7,-0.41,12,"Low","Negative",2,1
"494",201,1,2000,2,104,3,"young",3.6,1.07,10,"Low","Positive",2,0
"495",201,1,1999,1,97,3,"young",47.7,0.38,37,"Low","Positive",2,-1
"496",202,2,1999,4,107,4,"young",47.7,0.38,37,"Low","Positive",2.5,1.5
"497",202,2,1996,1,101,4,"young",150.5,-0.7,7,"High","Negative",2.5,-1.5
"498",203,1,1999,4,107,4,"young",47.7,0.38,37,"Low","Positive",2.5,1.5
"499",203,1,1996,1,101,4,"young",150.5,-0.7,7,"High","Negative",2.5,-1.5
"500",204,2,1999,1,91,1,"young",47.7,0.38,37,"Low","Positive",1,0
"501",205,1,1999,1,91,1,"young",47.7,0.38,37,"Low","Positive",1,0
"502",206,2,1999,4,89,4,"young",47.7,0.38,37,"Low","Positive",2.5,1.5
"503",206,2,1996,1,101,4,"young",150.5,-0.7,7,"High","Negative",2.5,-1.5
"504",207,1,1999,4,89,4,"young",47.7,0.38,37,"Low","Positive",2.5,1.5
"505",207,1,1996,1,101,4,"young",150.5,-0.7,7,"High","Negative",2.5,-1.5
"506",210,1,2001,3,104,3,"young",27.7,-0.41,12,"Low","Negative",3,0
"507",211,2,2001,6,104,6,"young",27.7,-0.41,12,"Low","Negative",6,0
"508",214,2,2001,6,106,6,"young",27.7,-0.41,12,"Low","Negative",3,3
"509",214,2,1998,3,107,6,"young",19.3,-0.14,0,"Low","Negative",3,0
"510",214,2,1997,2,125,6,"young",131.6,0.14,10,"High","Positive",3,-1
"511",214,2,1996,1,103,6,"young",150.5,-0.7,7,"High","Negative",3,-2
"512",215,1,2001,5,106,5,"young",27.7,-0.41,12,"Low","Negative",2.66666666666667,2.33333333333333
"513",215,1,1998,2,107,5,"young",19.3,-0.14,0,"Low","Negative",2.66666666666667,-0.666666666666667
"514",215,1,1997,1,125,5,"young",131.6,0.14,10,"High","Positive",2.66666666666667,-1.66666666666667
"515",216,2,1998,1,86,1,"young",19.3,-0.14,0,"Low","Negative",1,0
"516",217,1,1998,1,86,1,"young",19.3,-0.14,0,"Low","Negative",1,0
"517",218,2,1999,1,101,1,"young",47.7,0.38,37,"Low","Positive",1,0
"518",219,1,1999,1,101,1,"young",47.7,0.38,37,"Low","Positive",1,0
"519",236,2,2001,6,93,6,"young",27.7,-0.41,12,"Low","Negative",3.6,2.4
"520",236,2,2000,5,103,6,"young",3.6,1.07,10,"Low","Positive",3.6,1.4
"521",236,2,1998,3,108,6,"young",19.3,-0.14,0,"Low","Negative",3.6,-0.6
"522",236,2,1998,3,108,6,"young",19.3,-0.14,0,"Low","Negative",3.6,-0.6
"523",236,2,1996,1,103,6,"young",150.5,-0.7,7,"High","Negative",3.6,-2.6
"524",237,1,2001,6,93,6,"young",27.7,-0.41,12,"Low","Negative",3.75,2.25
"525",237,1,2000,5,103,6,"young",3.6,1.07,10,"Low","Positive",3.75,1.25
"526",237,1,1998,3,108,6,"young",19.3,-0.14,0,"Low","Negative",3.75,-0.75
"527",237,1,1996,1,103,6,"young",150.5,-0.7,7,"High","Negative",3.75,-2.75
"528",238,1,1998,1,108,1,"young",19.3,-0.14,0,"Low","Negative",1,0
"529",239,2,2001,6,92,6,"young",27.7,-0.41,12,"Low","Negative",3.5,2.5
"530",239,2,2000,5,95,6,"young",3.6,1.07,10,"Low","Positive",3.5,1.5
"531",239,2,1999,4,99,6,"young",47.7,0.38,37,"Low","Positive",3.5,0.5
"532",239,2,1998,3,97,6,"young",19.3,-0.14,0,"Low","Negative",3.5,-0.5
"533",239,2,1997,2,96,6,"young",131.6,0.14,10,"High","Positive",3.5,-1.5
"534",239,2,1996,1,96,6,"young",150.5,-0.7,7,"High","Negative",3.5,-2.5
"535",240,1,2001,6,92,6,"young",27.7,-0.41,12,"Low","Negative",3.5,2.5
"536",240,1,2000,5,95,6,"young",3.6,1.07,10,"Low","Positive",3.5,1.5
"537",240,1,1999,4,99,6,"young",47.7,0.38,37,"Low","Positive",3.5,0.5
"538",240,1,1998,3,97,6,"young",19.3,-0.14,0,"Low","Negative",3.5,-0.5
"539",240,1,1997,2,96,6,"young",131.6,0.14,10,"High","Positive",3.5,-1.5
"540",240,1,1996,1,96,6,"young",150.5,-0.7,7,"High","Negative",3.5,-2.5
"541",257,2,2005,9,93,9,"old",32.4,0.31,32,"Low","Positive",8.5,0.5
"542",257,2,2004,8,100,9,"old",16.3,0.42,9,"Low","Positive",8.5,-0.5
"543",258,1,2005,9,93,9,"old",32.4,0.31,32,"Low","Positive",8.5,0.5
"544",258,1,2004,8,100,9,"old",16.3,0.42,9,"Low","Positive",8.5,-0.5
"545",259,2,2001,4,96,4,"young",27.7,-0.41,12,"Low","Negative",2.33333333333333,1.66666666666667
"546",259,2,1999,2,94,4,"young",47.7,0.38,37,"Low","Positive",2.33333333333333,-0.333333333333333
"547",259,2,1998,1,104,4,"young",19.3,-0.14,0,"Low","Negative",2.33333333333333,-1.33333333333333
"548",260,1,2001,4,96,4,"young",27.7,-0.41,12,"Low","Negative",2.33333333333333,1.66666666666667
"549",260,1,1999,2,94,4,"young",47.7,0.38,37,"Low","Positive",2.33333333333333,-0.333333333333333
"550",260,1,1998,1,104,4,"young",19.3,-0.14,0,"Low","Negative",2.33333333333333,-1.33333333333333
"551",265,2,2000,4,123,4,"young",3.6,1.07,10,"Low","Positive",2.28571428571429,1.71428571428571
"552",265,2,1999,3,85,4,"young",47.7,0.38,37,"Low","Positive",2.28571428571429,0.714285714285714
"553",265,2,1999,3,122,4,"young",47.7,0.38,37,"Low","Positive",2.28571428571429,0.714285714285714
"554",265,2,1998,2,96,4,"young",19.3,-0.14,0,"Low","Negative",2.28571428571429,-0.285714285714286
"555",265,2,1998,2,107,4,"young",19.3,-0.14,0,"Low","Negative",2.28571428571429,-0.285714285714286
"556",265,2,1997,1,92,4,"young",131.6,0.14,10,"High","Positive",2.28571428571429,-1.28571428571429
"557",265,2,1997,1,92,4,"young",131.6,0.14,10,"High","Positive",2.28571428571429,-1.28571428571429
"558",266,1,1999,3,85,3,"young",47.7,0.38,37,"Low","Positive",2,1
"559",266,1,1998,2,96,3,"young",19.3,-0.14,0,"Low","Negative",2,0
"560",266,1,1997,1,92,3,"young",131.6,0.14,10,"High","Positive",2,-1
"561",267,1,2000,4,123,4,"young",3.6,1.07,10,"Low","Positive",2.5,1.5
"562",267,1,1999,3,122,4,"young",47.7,0.38,37,"Low","Positive",2.5,0.5
"563",267,1,1998,2,107,4,"young",19.3,-0.14,0,"Low","Negative",2.5,-0.5
"564",267,1,1997,1,92,4,"young",131.6,0.14,10,"High","Positive",2.5,-1.5
"565",270,2,2001,5,95,5,"young",27.7,-0.41,12,"Low","Negative",4,1
"566",270,2,1999,3,88,5,"young",47.7,0.38,37,"Low","Positive",4,-1
"567",271,1,1999,3,88,3,"young",47.7,0.38,37,"Low","Positive",3,0
"568",272,2,2005,8,87,8,"old",32.4,0.31,32,"Low","Positive",8,0
"569",273,1,2005,8,87,8,"old",32.4,0.31,32,"Low","Positive",8,0
"570",274,2,1997,1,89,1,"young",131.6,0.14,10,"High","Positive",1,0
"571",275,1,1997,1,89,1,"young",131.6,0.14,10,"High","Positive",1,0
"572",276,2,2005,9,86,9,"old",32.4,0.31,32,"Low","Positive",8.5,0.5
"573",276,2,2004,8,91,9,"old",16.3,0.42,9,"Low","Positive",8.5,-0.5
"574",277,1,2005,9,86,9,"old",32.4,0.31,32,"Low","Positive",8.5,0.5
"575",277,1,2004,8,91,9,"old",16.3,0.42,9,"Low","Positive",8.5,-0.5
"576",278,2,2005,8,99,8,"old",32.4,0.31,32,"Low","Positive",8,0
"577",279,1,2005,8,99,8,"old",32.4,0.31,32,"Low","Positive",8,0
"578",282,2,2001,1,155,1,"young",27.7,-0.41,12,"Low","Negative",1,0
"579",283,1,2001,1,155,1,"young",27.7,-0.41,12,"Low","Negative",1,0
"580",284,2,1999,2,96,2,"young",47.7,0.38,37,"Low","Positive",1.5,0.5
"581",284,2,1998,1,103,2,"young",19.3,-0.14,0,"Low","Negative",1.5,-0.5
"582",285,1,1999,2,96,2,"young",47.7,0.38,37,"Low","Positive",1.5,0.5
"583",285,1,1998,1,103,2,"young",19.3,-0.14,0,"Low","Negative",1.5,-0.5
"584",290,1,2005,7,83,7,"young",32.4,0.31,32,"Low","Positive",3.85714285714286,3.14285714285714
"585",290,1,2004,6,94,7,"young",16.3,0.42,9,"Low","Positive",3.85714285714286,2.14285714285714
"586",290,1,2003,5,88,7,"young",80.1,0,0,"Medium","Positive",3.85714285714286,1.14285714285714
"587",290,1,2001,3,78,7,"young",27.7,-0.41,12,"Low","Negative",3.85714285714286,-0.857142857142857
"588",290,1,2001,3,86,7,"young",27.7,-0.41,12,"Low","Negative",3.85714285714286,-0.857142857142857
"589",290,1,2000,2,81,7,"young",3.6,1.07,10,"Low","Positive",3.85714285714286,-1.85714285714286
"590",290,1,1999,1,88,7,"young",47.7,0.38,37,"Low","Positive",3.85714285714286,-2.85714285714286
"591",301,2,2008,10,91,10,"old",20.3,0.52,18,"Low","Positive",10,0
"592",302,2,2012,14,107,14,"old",88.4,1.35,22,"Medium","Positive",11.1666666666667,2.83333333333333
"593",302,2,2011,13,104,14,"old",80.6,-0.61,0,"Medium","Negative",11.1666666666667,1.83333333333333
"594",302,2,2010,12,100,14,"old",94.7,-1.18,28,"Medium","Negative",11.1666666666667,0.833333333333334
"595",302,2,2009,11,107,14,"old",56.5,0,0,"Medium","Positive",11.1666666666667,-0.166666666666666
"596",302,2,2007,9,107,14,"old",4.8,0.59,36,"Low","Positive",11.1666666666667,-2.16666666666667
"597",302,2,2006,8,109,14,"old",31.5,-0.25,0,"Low","Negative",11.1666666666667,-3.16666666666667
"598",303,1,2015,17,93,17,"old",7.8,1.42,38,"Low","Positive",12.5,4.5
"599",303,1,2014,16,99,17,"old",0,0.86,21,"Low","Positive",12.5,3.5
"600",303,1,2012,14,107,17,"old",88.4,1.35,22,"Medium","Positive",12.5,1.5
"601",303,1,2011,13,104,17,"old",80.6,-0.61,0,"Medium","Negative",12.5,0.5
"602",303,1,2010,12,100,17,"old",94.7,-1.18,28,"Medium","Negative",12.5,-0.5
"603",303,1,2009,11,107,17,"old",56.5,0,0,"Medium","Positive",12.5,-1.5
"604",303,1,2007,9,107,17,"old",4.8,0.59,36,"Low","Positive",12.5,-3.5
"605",303,1,2006,8,109,17,"old",31.5,-0.25,0,"Low","Negative",12.5,-4.5
"606",304,2,2006,8,101,8,"old",31.5,-0.25,0,"Low","Negative",8,0
"607",305,1,2001,3,90,3,"young",27.7,-0.41,12,"Low","Negative",2.5,0.5
"608",305,1,2000,2,110,3,"young",3.6,1.07,10,"Low","Positive",2.5,-0.5
"609",306,2,2015,16,94,16,"old",7.8,1.42,38,"Low","Positive",11.75,4.25
"610",306,2,2014,15,91,16,"old",0,0.86,21,"Low","Positive",11.75,3.25
"611",306,2,2012,13,96,16,"old",88.4,1.35,22,"Medium","Positive",11.75,1.25
"612",306,2,2011,12,103,16,"old",80.6,-0.61,0,"Medium","Negative",11.75,0.25
"613",306,2,2010,11,105,16,"old",94.7,-1.18,28,"Medium","Negative",11.75,-0.75
"614",306,2,2009,10,93,16,"old",56.5,0,0,"Medium","Positive",11.75,-1.75
"615",306,2,2008,9,98,16,"old",20.3,0.52,18,"Low","Positive",11.75,-2.75
"616",306,2,2007,8,95,16,"old",4.8,0.59,36,"Low","Positive",11.75,-3.75
"617",307,1,2015,15,94,15,"old",7.8,1.42,38,"Low","Positive",11.2857142857143,3.71428571428571
"618",307,1,2014,14,91,15,"old",0,0.86,21,"Low","Positive",11.2857142857143,2.71428571428571
"619",307,1,2012,12,96,15,"old",88.4,1.35,22,"Medium","Positive",11.2857142857143,0.714285714285714
"620",307,1,2011,11,103,15,"old",80.6,-0.61,0,"Medium","Negative",11.2857142857143,-0.285714285714286
"621",307,1,2010,10,105,15,"old",94.7,-1.18,28,"Medium","Negative",11.2857142857143,-1.28571428571429
"622",307,1,2009,9,93,15,"old",56.5,0,0,"Medium","Positive",11.2857142857143,-2.28571428571429
"623",307,1,2008,8,98,15,"old",20.3,0.52,18,"Low","Positive",11.2857142857143,-3.28571428571429
"624",308,2,2013,10,112,10,"old",73.2,-0.42,1,"Medium","Negative",9,1
"625",308,2,2012,9,92,10,"old",88.4,1.35,22,"Medium","Positive",9,0
"626",308,2,2011,8,99,10,"old",80.6,-0.61,0,"Medium","Negative",9,-1
"627",309,2,2015,15,90,15,"old",7.8,1.42,38,"Low","Positive",12,3
"628",309,2,2014,14,91,15,"old",0,0.86,21,"Low","Positive",12,2
"629",309,2,2012,12,95,15,"old",88.4,1.35,22,"Medium","Positive",12,0
"630",309,2,2010,10,96,15,"old",94.7,-1.18,28,"Medium","Negative",12,-2
"631",309,2,2009,9,104,15,"old",56.5,0,0,"Medium","Positive",12,-3
"632",310,2,2015,17,94,17,"old",7.8,1.42,38,"Low","Positive",13.1428571428571,3.85714285714286
"633",310,2,2014,16,90,17,"old",0,0.86,21,"Low","Positive",13.1428571428571,2.85714285714286
"634",310,2,2012,14,103,17,"old",88.4,1.35,22,"Medium","Positive",13.1428571428571,0.857142857142858
"635",310,2,2011,13,100,17,"old",80.6,-0.61,0,"Medium","Negative",13.1428571428571,-0.142857142857142
"636",310,2,2010,12,96,17,"old",94.7,-1.18,28,"Medium","Negative",13.1428571428571,-1.14285714285714
"637",310,2,2009,11,101,17,"old",56.5,0,0,"Medium","Positive",13.1428571428571,-2.14285714285714
"638",310,2,2007,9,102,17,"old",4.8,0.59,36,"Low","Positive",13.1428571428571,-4.14285714285714
"639",311,2,2001,2,103,2,"young",27.7,-0.41,12,"Low","Negative",2,0
"640",312,1,2001,2,103,2,"young",27.7,-0.41,12,"Low","Negative",2,0
"641",313,2,2003,4,111,4,"young",80.1,0,0,"Medium","Positive",2.5,1.5
"642",313,2,2000,1,104,4,"young",3.6,1.07,10,"Low","Positive",2.5,-1.5
"643",314,1,2003,4,111,4,"young",80.1,0,0,"Medium","Positive",2.5,1.5
"644",314,1,2000,1,104,4,"young",3.6,1.07,10,"Low","Positive",2.5,-1.5
"645",315,1,2008,10,90,10,"old",20.3,0.52,18,"Low","Positive",9.5,0.5
"646",315,1,2007,9,92,10,"old",4.8,0.59,36,"Low","Positive",9.5,-0.5
"647",316,1,2015,16,81,16,"old",7.8,1.42,38,"Low","Positive",12,4
"648",316,1,2014,15,84,16,"old",0,0.86,21,"Low","Positive",12,3
"649",316,1,2013,14,91,16,"old",73.2,-0.42,1,"Medium","Negative",12,2
"650",316,1,2012,13,86,16,"old",88.4,1.35,22,"Medium","Positive",12,1
"651",316,1,2011,12,86,16,"old",80.6,-0.61,0,"Medium","Negative",12,0
"652",316,1,2010,11,87,16,"old",94.7,-1.18,28,"Medium","Negative",12,-1
"653",316,1,2009,10,87,16,"old",56.5,0,0,"Medium","Positive",12,-2
"654",316,1,2008,9,88,16,"old",20.3,0.52,18,"Low","Positive",12,-3
"655",316,1,2007,8,89,16,"old",4.8,0.59,36,"Low","Positive",12,-4
"656",317,1,1998,1,99,1,"young",19.3,-0.14,0,"Low","Negative",1,0
"657",318,1,2000,1,111,1,"young",3.6,1.07,10,"Low","Positive",1,0
"658",319,2,1997,2,103,2,"young",131.6,0.14,10,"High","Positive",2,0
"659",320,1,2000,5,99,5,"young",3.6,1.07,10,"Low","Positive",3.33333333333333,1.66666666666667
"660",320,1,1998,3,102,5,"young",19.3,-0.14,0,"Low","Negative",3.33333333333333,-0.333333333333333
"661",320,1,1997,2,103,5,"young",131.6,0.14,10,"High","Positive",3.33333333333333,-1.33333333333333
"662",322,2,1998,3,92,3,"young",19.3,-0.14,0,"Low","Negative",2,1
"663",322,2,1996,1,107,3,"young",150.5,-0.7,7,"High","Negative",2,-1
"664",323,1,1998,3,92,3,"young",19.3,-0.14,0,"Low","Negative",2,1
"665",323,1,1996,1,107,3,"young",150.5,-0.7,7,"High","Negative",2,-1
"666",324,1,1996,1,89,1,"young",150.5,-0.7,7,"High","Negative",1,0
"667",325,1,2015,15,94,15,"old",7.8,1.42,38,"Low","Positive",11.8333333333333,3.16666666666667
"668",325,1,2014,14,90,15,"old",0,0.86,21,"Low","Positive",11.8333333333333,2.16666666666667
"669",325,1,2012,12,103,15,"old",88.4,1.35,22,"Medium","Positive",11.8333333333333,0.166666666666666
"670",325,1,2011,11,100,15,"old",80.6,-0.61,0,"Medium","Negative",11.8333333333333,-0.833333333333334
"671",325,1,2010,10,96,15,"old",94.7,-1.18,28,"Medium","Negative",11.8333333333333,-1.83333333333333
"672",325,1,2009,9,101,15,"old",56.5,0,0,"Medium","Positive",11.8333333333333,-2.83333333333333
"673",327,2,1998,3,98,3,"young",19.3,-0.14,0,"Low","Negative",2,1
"674",327,2,1996,1,89,3,"young",150.5,-0.7,7,"High","Negative",2,-1
"675",328,2,2015,16,99,16,"old",7.8,1.42,38,"Low","Positive",11.75,4.25
"676",328,2,2014,15,92,16,"old",0,0.86,21,"Low","Positive",11.75,3.25
"677",328,2,2012,13,103,16,"old",88.4,1.35,22,"Medium","Positive",11.75,1.25
"678",328,2,2011,12,104,16,"old",80.6,-0.61,0,"Medium","Negative",11.75,0.25
"679",328,2,2010,11,96,16,"old",94.7,-1.18,28,"Medium","Negative",11.75,-0.75
"680",328,2,2009,10,104,16,"old",56.5,0,0,"Medium","Positive",11.75,-1.75
"681",328,2,2008,9,108,16,"old",20.3,0.52,18,"Low","Positive",11.75,-2.75
"682",328,2,2007,8,104,16,"old",4.8,0.59,36,"Low","Positive",11.75,-3.75
"683",329,2,2007,7,96,7,"young",4.8,0.59,36,"Low","Positive",4.6,2.4
"684",329,2,2006,6,103,7,"young",31.5,-0.25,0,"Low","Negative",4.6,1.4
"685",329,2,2005,5,100,7,"young",32.4,0.31,32,"Low","Positive",4.6,0.4
"686",329,2,2004,4,115,7,"young",16.3,0.42,9,"Low","Positive",4.6,-0.6
"687",329,2,2001,1,89,7,"young",27.7,-0.41,12,"Low","Negative",4.6,-3.6
"688",330,1,2014,14,88,14,"old",0,0.86,21,"Low","Positive",11,3
"689",330,1,2013,13,100,14,"old",73.2,-0.42,1,"Medium","Negative",11,2
"690",330,1,2012,12,90,14,"old",88.4,1.35,22,"Medium","Positive",11,1
"691",330,1,2011,11,93,14,"old",80.6,-0.61,0,"Medium","Negative",11,0
"692",330,1,2010,10,93,14,"old",94.7,-1.18,28,"Medium","Negative",11,-1
"693",330,1,2009,9,101,14,"old",56.5,0,0,"Medium","Positive",11,-2
"694",330,1,2008,8,105,14,"old",20.3,0.52,18,"Low","Positive",11,-3
"695",334,2,2001,2,105,2,"young",27.7,-0.41,12,"Low","Negative",2,0
"696",335,1,2001,1,105,1,"young",27.7,-0.41,12,"Low","Negative",1,0
"697",343,1,2005,5,107,5,"young",32.4,0.31,32,"Low","Positive",4.5,0.5
"698",343,1,2004,4,115,5,"young",16.3,0.42,9,"Low","Positive",4.5,-0.5
"699",345,1,2014,14,95,14,"old",0,0.86,21,"Low","Positive",11.3333333333333,2.66666666666667
"700",345,1,2013,13,105,14,"old",73.2,-0.42,1,"Medium","Negative",11.3333333333333,1.66666666666667
"701",345,1,2012,12,95,14,"old",88.4,1.35,22,"Medium","Positive",11.3333333333333,0.666666666666666
"702",345,1,2011,11,100,14,"old",80.6,-0.61,0,"Medium","Negative",11.3333333333333,-0.333333333333334
"703",345,1,2010,10,98,14,"old",94.7,-1.18,28,"Medium","Negative",11.3333333333333,-1.33333333333333
"704",345,1,2008,8,99,14,"old",20.3,0.52,18,"Low","Positive",11.3333333333333,-3.33333333333333
"705",347,1,2003,3,96,3,"young",80.1,0,0,"Medium","Positive",3,0
"706",348,1,2003,3,93,3,"young",80.1,0,0,"Medium","Positive",2,1
"707",348,1,2001,1,101,3,"young",27.7,-0.41,12,"Low","Negative",2,-1
"708",349,1,2001,1,89,1,"young",27.7,-0.41,12,"Low","Negative",1,0
"709",350,2,2001,1,94,1,"young",27.7,-0.41,12,"Low","Negative",1,0
"710",351,2,2005,5,101,5,"young",32.4,0.31,32,"Low","Positive",3,2
"711",351,2,2003,3,113,5,"young",80.1,0,0,"Medium","Positive",3,0
"712",351,2,2001,1,108,5,"young",27.7,-0.41,12,"Low","Negative",3,-2
"713",352,2,2015,3,99,3,"young",7.8,1.42,38,"Low","Positive",2,1
"714",352,2,2014,2,84,3,"young",0,0.86,21,"Low","Positive",2,0
"715",352,1,2001,1,108,3,"young",27.7,-0.41,12,"Low","Negative",2,-1
"716",354,2,2014,12,101,12,"old",0,0.86,21,"Low","Positive",10.5,1.5
"717",354,2,2013,11,111,12,"old",73.2,-0.42,1,"Medium","Negative",10.5,0.5
"718",354,2,2012,10,104,12,"old",88.4,1.35,22,"Medium","Positive",10.5,-0.5
"719",354,2,2011,9,107,12,"old",80.6,-0.61,0,"Medium","Negative",10.5,-1.5
"720",355,1,2014,12,91,12,"old",0,0.86,21,"Low","Positive",10.25,1.75
"721",355,1,2013,11,114,12,"old",73.2,-0.42,1,"Medium","Negative",10.25,0.75
"722",355,1,2012,10,95,12,"old",88.4,1.35,22,"Medium","Positive",10.25,-0.25
"723",355,1,2010,8,98,12,"old",94.7,-1.18,28,"Medium","Negative",10.25,-2.25
"724",356,2,2015,13,96,13,"old",7.8,1.42,38,"Low","Positive",10.5,2.5
"725",356,2,2014,12,97,13,"old",0,0.86,21,"Low","Positive",10.5,1.5
"726",356,2,2013,11,106,13,"old",73.2,-0.42,1,"Medium","Negative",10.5,0.5
"727",356,2,2012,10,100,13,"old",88.4,1.35,22,"Medium","Positive",10.5,-0.5
"728",356,2,2011,9,105,13,"old",80.6,-0.61,0,"Medium","Negative",10.5,-1.5
"729",356,2,2010,8,97,13,"old",94.7,-1.18,28,"Medium","Negative",10.5,-2.5
"730",357,1,2009,7,104,7,"young",56.5,0,0,"Medium","Positive",3.4,3.6
"731",357,1,2006,4,104,7,"young",31.5,-0.25,0,"Low","Negative",3.4,0.6
"732",357,1,2005,3,100,7,"young",32.4,0.31,32,"Low","Positive",3.4,-0.4
"733",357,1,2004,2,98,7,"young",16.3,0.42,9,"Low","Positive",3.4,-1.4
"734",357,1,2003,1,97,7,"young",80.1,0,0,"Medium","Positive",3.4,-2.4
"735",358,1,2011,11,101,11,"old",80.6,-0.61,0,"Medium","Negative",11,0
"736",362,2,2015,13,98,13,"old",7.8,1.42,38,"Low","Positive",10.5,2.5
"737",362,2,2014,12,90,13,"old",0,0.86,21,"Low","Positive",10.5,1.5
"738",362,2,2013,11,124,13,"old",73.2,-0.42,1,"Medium","Negative",10.5,0.5
"739",362,2,2012,10,84,13,"old",88.4,1.35,22,"Medium","Positive",10.5,-0.5
"740",362,2,2011,9,92,13,"old",80.6,-0.61,0,"Medium","Negative",10.5,-1.5
"741",362,2,2010,8,91,13,"old",94.7,-1.18,28,"Medium","Negative",10.5,-2.5
"742",364,2,2012,15,101,15,"old",88.4,1.35,22,"Medium","Positive",13,2
"743",364,2,2011,14,97,15,"old",80.6,-0.61,0,"Medium","Negative",13,1
"744",364,2,2009,12,102,15,"old",56.5,0,0,"Medium","Positive",13,-1
"745",364,2,2008,11,107,15,"old",20.3,0.52,18,"Low","Positive",13,-2
"746",365,1,2008,11,107,11,"old",20.3,0.52,18,"Low","Positive",11,0
"747",366,2,2012,10,100,10,"old",88.4,1.35,22,"Medium","Positive",9.5,0.5
"748",366,2,2011,9,97,10,"old",80.6,-0.61,0,"Medium","Negative",9.5,-0.5
"749",367,1,2004,2,102,2,"young",16.3,0.42,9,"Low","Positive",1.66666666666667,0.333333333333333
"750",367,1,2004,2,105,2,"young",16.3,0.42,9,"Low","Positive",1.66666666666667,0.333333333333333
"751",367,1,2003,1,96,2,"young",80.1,0,0,"Medium","Positive",1.66666666666667,-0.666666666666667
"752",368,2,2003,1,130,1,"young",80.1,0,0,"Medium","Positive",1,0
"753",369,1,2003,1,130,1,"young",80.1,0,0,"Medium","Positive",1,0
"754",370,2,2015,13,93,13,"old",7.8,1.42,38,"Low","Positive",10.8,2.2
"755",370,2,2014,12,95,13,"old",0,0.86,21,"Low","Positive",10.8,1.2
"756",370,2,2013,11,118,13,"old",73.2,-0.42,1,"Medium","Negative",10.8,0.199999999999999
"757",370,2,2012,10,94,13,"old",88.4,1.35,22,"Medium","Positive",10.8,-0.800000000000001
"758",370,2,2010,8,97,13,"old",94.7,-1.18,28,"Medium","Negative",10.8,-2.8
"759",374,2,2015,13,93,13,"old",7.8,1.42,38,"Low","Positive",10.8571428571429,2.14285714285714
"760",374,2,2015,13,102,13,"old",7.8,1.42,38,"Low","Positive",10.8571428571429,2.14285714285714
"761",374,2,2014,12,91,13,"old",0,0.86,21,"Low","Positive",10.8571428571429,1.14285714285714
"762",374,2,2013,11,93,13,"old",73.2,-0.42,1,"Medium","Negative",10.8571428571429,0.142857142857142
"763",374,2,2012,10,91,13,"old",88.4,1.35,22,"Medium","Positive",10.8571428571429,-0.857142857142858
"764",374,2,2011,9,93,13,"old",80.6,-0.61,0,"Medium","Negative",10.8571428571429,-1.85714285714286
"765",374,2,2010,8,96,13,"old",94.7,-1.18,28,"Medium","Negative",10.8571428571429,-2.85714285714286
"766",378,2,2009,7,97,7,"young",56.5,0,0,"Medium","Positive",4.4,2.6
"767",378,2,2008,6,99,7,"young",20.3,0.52,18,"Low","Positive",4.4,1.6
"768",378,2,2007,5,96,7,"young",4.8,0.59,36,"Low","Positive",4.4,0.6
"769",378,2,2005,3,96,7,"young",32.4,0.31,32,"Low","Positive",4.4,-1.4
"770",378,2,2003,1,109,7,"young",80.1,0,0,"Medium","Positive",4.4,-3.4
"771",379,1,2012,10,100,10,"old",88.4,1.35,22,"Medium","Positive",9.5,0.5
"772",379,1,2011,9,97,10,"old",80.6,-0.61,0,"Medium","Negative",9.5,-0.5
"773",380,2,2012,10,101,10,"old",88.4,1.35,22,"Medium","Positive",9.5,0.5
"774",380,2,2011,9,107,10,"old",80.6,-0.61,0,"Medium","Negative",9.5,-0.5
"775",381,2,2007,5,96,5,"young",4.8,0.59,36,"Low","Positive",3,2
"776",381,2,2005,3,90,5,"young",32.4,0.31,32,"Low","Positive",3,0
"777",381,2,2003,1,101,5,"young",80.1,0,0,"Medium","Positive",3,-2
"778",382,2,2004,2,96,2,"young",16.3,0.42,9,"Low","Positive",1.5,0.5
"779",382,2,2003,1,107,2,"young",80.1,0,0,"Medium","Positive",1.5,-0.5
"780",383,1,2004,2,96,2,"young",16.3,0.42,9,"Low","Positive",1.5,0.5
"781",383,1,2003,1,107,2,"young",80.1,0,0,"Medium","Positive",1.5,-0.5
"782",384,2,2004,2,108,2,"young",16.3,0.42,9,"Low","Positive",1.5,0.5
"783",384,2,2003,1,100,2,"young",80.1,0,0,"Medium","Positive",1.5,-0.5
"784",385,2,2015,13,96,13,"old",7.8,1.42,38,"Low","Positive",12.5,0.5
"785",385,2,2014,12,86,13,"old",0,0.86,21,"Low","Positive",12.5,-0.5
"786",388,1,2015,15,90,15,"old",7.8,1.42,38,"Low","Positive",12,3
"787",388,1,2014,14,91,15,"old",0,0.86,21,"Low","Positive",12,2
"788",388,1,2012,12,95,15,"old",88.4,1.35,22,"Medium","Positive",12,0
"789",388,1,2010,10,96,15,"old",94.7,-1.18,28,"Medium","Negative",12,-2
"790",388,1,2009,9,104,15,"old",56.5,0,0,"Medium","Positive",12,-3
"791",389,1,2014,12,86,12,"old",0,0.86,21,"Low","Positive",10,2
"792",389,1,2013,11,104,12,"old",73.2,-0.42,1,"Medium","Negative",10,1
"793",389,1,2012,10,86,12,"old",88.4,1.35,22,"Medium","Positive",10,0
"794",389,1,2011,9,85,12,"old",80.6,-0.61,0,"Medium","Negative",10,-1
"795",389,1,2010,8,95,12,"old",94.7,-1.18,28,"Medium","Negative",10,-2
"796",401,2,2015,12,89,12,"old",7.8,1.42,38,"Low","Positive",10,2
"797",401,2,2014,11,95,12,"old",0,0.86,21,"Low","Positive",10,1
"798",401,2,2012,9,94,12,"old",88.4,1.35,22,"Medium","Positive",10,-1
"799",401,2,2011,8,98,12,"old",80.6,-0.61,0,"Medium","Negative",10,-2
"800",402,1,2015,11,75,11,"old",7.8,1.42,38,"Low","Positive",10,1
"801",402,1,2014,10,78,11,"old",0,0.86,21,"Low","Positive",10,0
"802",402,1,2013,9,104,11,"old",73.2,-0.42,1,"Medium","Negative",10,-1
"803",404,2,2010,12,89,12,"old",94.7,-1.18,28,"Medium","Negative",12,0
"804",405,1,1999,1,121,1,"young",47.7,0.38,37,"Low","Positive",1,0
"805",407,1,2015,17,93,17,"old",7.8,1.42,38,"Low","Positive",12.8,4.2
"806",407,1,2014,16,101,17,"old",0,0.86,21,"Low","Positive",12.8,3.2
"807",407,1,2014,16,101,17,"old",0,0.86,21,"Low","Positive",12.8,3.2
"808",407,1,2013,15,111,17,"old",73.2,-0.42,1,"Medium","Negative",12.8,2.2
"809",407,1,2012,14,104,17,"old",88.4,1.35,22,"Medium","Positive",12.8,1.2
"810",407,1,2011,13,107,17,"old",80.6,-0.61,0,"Medium","Negative",12.8,0.199999999999999
"811",407,1,2008,10,105,17,"old",20.3,0.52,18,"Low","Positive",12.8,-2.8
"812",407,1,2008,10,112,17,"old",20.3,0.52,18,"Low","Positive",12.8,-2.8
"813",407,1,2007,9,113,17,"old",4.8,0.59,36,"Low","Positive",12.8,-3.8
"814",407,1,2006,8,107,17,"old",31.5,-0.25,0,"Low","Negative",12.8,-4.8
"815",409,2,2008,3,96,3,"young",20.3,0.52,18,"Low","Positive",2,1
"816",409,2,2006,1,99,3,"young",31.5,-0.25,0,"Low","Negative",2,-1
"817",410,1,2008,5,96,5,"young",20.3,0.52,18,"Low","Positive",3,2
"818",410,1,2006,3,99,5,"young",31.5,-0.25,0,"Low","Negative",3,0
"819",410,1,2004,1,104,5,"young",16.3,0.42,9,"Low","Positive",3,-2
"820",411,2,2007,4,90,4,"young",4.8,0.59,36,"Low","Positive",3,1
"821",411,2,2006,3,94,4,"young",31.5,-0.25,0,"Low","Negative",3,0
"822",411,2,2005,2,90,4,"young",32.4,0.31,32,"Low","Positive",3,-1
"823",412,1,2008,5,98,5,"young",20.3,0.52,18,"Low","Positive",3.5,1.5
"824",412,1,2007,4,90,5,"young",4.8,0.59,36,"Low","Positive",3.5,0.5
"825",412,1,2006,3,94,5,"young",31.5,-0.25,0,"Low","Negative",3.5,-0.5
"826",412,1,2005,2,90,5,"young",32.4,0.31,32,"Low","Positive",3.5,-1.5
"827",413,2,1999,1,88,1,"young",47.7,0.38,37,"Low","Positive",1,0
"828",414,1,2009,11,94,11,"old",56.5,0,0,"Medium","Positive",11,0
"829",417,1,2015,17,86,17,"old",7.8,1.42,38,"Low","Positive",13.6666666666667,3.33333333333333
"830",417,1,2014,16,82,17,"old",0,0.86,21,"Low","Positive",13.6666666666667,2.33333333333333
"831",417,1,2014,16,109,17,"old",0,0.86,21,"Low","Positive",13.6666666666667,2.33333333333333
"832",417,1,2013,15,108,17,"old",73.2,-0.42,1,"Medium","Negative",13.6666666666667,1.33333333333333
"833",417,1,2012,14,85,17,"old",88.4,1.35,22,"Medium","Positive",13.6666666666667,0.333333333333334
"834",417,1,2011,13,93,17,"old",80.6,-0.61,0,"Medium","Negative",13.6666666666667,-0.666666666666666
"835",417,1,2010,12,88,17,"old",94.7,-1.18,28,"Medium","Negative",13.6666666666667,-1.66666666666667
"836",417,1,2009,11,92,17,"old",56.5,0,0,"Medium","Positive",13.6666666666667,-2.66666666666667
"837",417,1,2007,9,78,17,"old",4.8,0.59,36,"Low","Positive",13.6666666666667,-4.66666666666667
"838",418,2,1999,1,101,1,"young",47.7,0.38,37,"Low","Positive",1,0
"839",419,1,1999,1,101,1,"young",47.7,0.38,37,"Low","Positive",1,0
"840",420,1,2010,1,89,1,"young",94.7,-1.18,28,"Medium","Negative",1,0
"841",422,1,2014,10,95,10,"old",0,0.86,21,"Low","Positive",9,1
"842",422,1,2013,9,118,10,"old",73.2,-0.42,1,"Medium","Negative",9,0
"843",422,1,2012,8,94,10,"old",88.4,1.35,22,"Medium","Positive",9,-1
"844",423,2,2005,1,102,1,"young",32.4,0.31,32,"Low","Positive",1,0
"845",424,2,2009,5,96,5,"young",56.5,0,0,"Medium","Positive",3.66666666666667,1.33333333333333
"846",424,2,2008,4,98,5,"young",20.3,0.52,18,"Low","Positive",3.66666666666667,0.333333333333333
"847",424,2,2006,2,101,5,"young",31.5,-0.25,0,"Low","Negative",3.66666666666667,-1.66666666666667
"848",425,1,2009,5,96,5,"young",56.5,0,0,"Medium","Positive",3.66666666666667,1.33333333333333
"849",425,1,2008,4,98,5,"young",20.3,0.52,18,"Low","Positive",3.66666666666667,0.333333333333333
"850",425,1,2006,2,101,5,"young",31.5,-0.25,0,"Low","Negative",3.66666666666667,-1.66666666666667
"851",426,2,2012,8,91,8,"old",88.4,1.35,22,"Medium","Positive",8,0
"852",427,1,2009,5,93,5,"young",56.5,0,0,"Medium","Positive",3,2
"853",427,1,2008,4,89,5,"young",20.3,0.52,18,"Low","Positive",3,1
"854",427,1,2007,3,90,5,"young",4.8,0.59,36,"Low","Positive",3,0
"855",427,1,2006,2,102,5,"young",31.5,-0.25,0,"Low","Negative",3,-1
"856",427,1,2005,1,107,5,"young",32.4,0.31,32,"Low","Positive",3,-2
"857",428,2,2008,4,90,4,"young",20.3,0.52,18,"Low","Positive",4,0
"858",430,2,2005,1,90,1,"young",32.4,0.31,32,"Low","Positive",1,0
"859",431,1,2005,1,90,1,"young",32.4,0.31,32,"Low","Positive",1,0
"860",433,1,2015,11,105,11,"old",7.8,1.42,38,"Low","Positive",9.5,1.5
"861",433,1,2014,10,97,11,"old",0,0.86,21,"Low","Positive",9.5,0.5
"862",433,1,2013,9,117,11,"old",73.2,-0.42,1,"Medium","Negative",9.5,-0.5
"863",433,1,2012,8,95,11,"old",88.4,1.35,22,"Medium","Positive",9.5,-1.5
"864",436,2,2012,8,87,8,"old",88.4,1.35,22,"Medium","Positive",8,0
"865",437,1,2014,10,97,10,"old",0,0.86,21,"Low","Positive",9,1
"866",437,1,2012,8,85,10,"old",88.4,1.35,22,"Medium","Positive",9,-1
"867",438,2,2005,1,92,1,"young",32.4,0.31,32,"Low","Positive",1,0
"868",439,1,2007,3,86,3,"young",4.8,0.59,36,"Low","Positive",2,1
"869",439,1,2006,2,93,3,"young",31.5,-0.25,0,"Low","Negative",2,0
"870",439,1,2005,1,92,3,"young",32.4,0.31,32,"Low","Positive",2,-1
"871",440,2,2014,10,89,10,"old",0,0.86,21,"Low","Positive",9,1
"872",440,2,2012,8,113,10,"old",88.4,1.35,22,"Medium","Positive",9,-1
"873",442,2,2015,11,85,11,"old",7.8,1.42,38,"Low","Positive",9.5,1.5
"874",442,2,2014,10,86,11,"old",0,0.86,21,"Low","Positive",9.5,0.5
"875",442,2,2013,9,104,11,"old",73.2,-0.42,1,"Medium","Negative",9.5,-0.5
"876",442,2,2012,8,86,11,"old",88.4,1.35,22,"Medium","Positive",9.5,-1.5
"877",443,1,2015,11,85,11,"old",7.8,1.42,38,"Low","Positive",9.5,1.5
"878",443,1,2014,10,86,11,"old",0,0.86,21,"Low","Positive",9.5,0.5
"879",443,1,2013,9,104,11,"old",73.2,-0.42,1,"Medium","Negative",9.5,-0.5
"880",443,1,2012,8,86,11,"old",88.4,1.35,22,"Medium","Positive",9.5,-1.5
"881",444,2,2006,2,93,2,"young",31.5,-0.25,0,"Low","Negative",1.5,0.5
"882",444,2,2005,1,91,2,"young",32.4,0.31,32,"Low","Positive",1.5,-0.5
"883",445,1,2006,2,93,2,"young",31.5,-0.25,0,"Low","Negative",1.5,0.5
"884",445,1,2005,1,91,2,"young",32.4,0.31,32,"Low","Positive",1.5,-0.5
"885",446,2,2007,3,99,3,"young",4.8,0.59,36,"Low","Positive",2,1
"886",446,2,2005,1,102,3,"young",32.4,0.31,32,"Low","Positive",2,-1
"887",447,1,2012,8,108,8,"old",88.4,1.35,22,"Medium","Positive",8,0
"888",448,1,2010,6,96,6,"young",94.7,-1.18,28,"Medium","Negative",3.75,2.25
"889",448,1,2009,5,97,6,"young",56.5,0,0,"Medium","Positive",3.75,1.25
"890",448,1,2007,3,97,6,"young",4.8,0.59,36,"Low","Positive",3.75,-0.75
"891",448,1,2005,1,114,6,"young",32.4,0.31,32,"Low","Positive",3.75,-2.75
"892",449,2,2015,11,96,11,"old",7.8,1.42,38,"Low","Positive",10.5,0.5
"893",449,2,2014,10,98,11,"old",0,0.86,21,"Low","Positive",10.5,-0.5
"894",450,1,2015,11,96,11,"old",7.8,1.42,38,"Low","Positive",10.5,0.5
"895",450,1,2014,10,98,11,"old",0,0.86,21,"Low","Positive",10.5,-0.5
"896",452,2,2007,3,85,3,"young",4.8,0.59,36,"Low","Positive",3,0
"897",453,1,2007,3,85,3,"young",4.8,0.59,36,"Low","Positive",3,0
"898",454,2,2010,6,98,6,"young",94.7,-1.18,28,"Medium","Negative",4.33333333333333,1.66666666666667
"899",454,2,2008,4,103,6,"young",20.3,0.52,18,"Low","Positive",4.33333333333333,-0.333333333333333
"900",454,2,2007,3,94,6,"young",4.8,0.59,36,"Low","Positive",4.33333333333333,-1.33333333333333
"901",455,1,2015,11,94,11,"old",7.8,1.42,38,"Low","Positive",10,1
"902",455,1,2014,10,89,11,"old",0,0.86,21,"Low","Positive",10,0
"903",455,1,2013,9,116,11,"old",73.2,-0.42,1,"Medium","Negative",10,-1
"904",458,2,2015,11,86,11,"old",7.8,1.42,38,"Low","Positive",9.6,1.4
"905",458,2,2014,10,82,11,"old",0,0.86,21,"Low","Positive",9.6,0.4
"906",458,2,2014,10,109,11,"old",0,0.86,21,"Low","Positive",9.6,0.4
"907",458,2,2013,9,108,11,"old",73.2,-0.42,1,"Medium","Negative",9.6,-0.6
"908",458,2,2012,8,85,11,"old",88.4,1.35,22,"Medium","Positive",9.6,-1.6
"909",461,2,2014,6,91,6,"young",0,0.86,21,"Low","Positive",3.57142857142857,2.42857142857143
"910",461,2,2013,5,107,6,"young",73.2,-0.42,1,"Medium","Negative",3.57142857142857,1.42857142857143
"911",461,2,2012,4,91,6,"young",88.4,1.35,22,"Medium","Positive",3.57142857142857,0.428571428571428
"912",461,2,2012,4,108,6,"young",88.4,1.35,22,"Medium","Positive",3.57142857142857,0.428571428571428
"913",461,2,2011,3,87,6,"young",80.6,-0.61,0,"Medium","Negative",3.57142857142857,-0.571428571428572
"914",461,2,2010,2,89,6,"young",94.7,-1.18,28,"Medium","Negative",3.57142857142857,-1.57142857142857
"915",461,2,2009,1,104,6,"young",56.5,0,0,"Medium","Positive",3.57142857142857,-2.57142857142857
"916",463,2,2014,8,81,8,"old",0,0.86,21,"Low","Positive",8,0
"917",464,1,2015,9,91,9,"old",7.8,1.42,38,"Low","Positive",8.33333333333333,0.666666666666666
"918",464,1,2014,8,102,9,"old",0,0.86,21,"Low","Positive",8.33333333333333,-0.333333333333334
"919",464,1,2014,8,74,9,"old",0,0.86,21,"Low","Positive",8.33333333333333,-0.333333333333334
"920",466,1,2006,1,106,1,"young",31.5,-0.25,0,"Low","Negative",1,0
"921",466,1,2006,1,127,1,"young",31.5,-0.25,0,"Low","Negative",1,0
"922",468,2,2014,9,91,9,"old",0,0.86,21,"Low","Positive",8.5,0.5
"923",468,2,2013,8,114,9,"old",73.2,-0.42,1,"Medium","Negative",8.5,-0.5
"924",469,2,2015,9,102,9,"old",7.8,1.42,38,"Low","Positive",8.5,0.5
"925",469,2,2014,8,84,9,"old",0,0.86,21,"Low","Positive",8.5,-0.5
"926",470,1,2006,1,116,1,"young",31.5,-0.25,0,"Low","Negative",1,0
"927",471,2,2012,6,90,6,"young",88.4,1.35,22,"Medium","Positive",4.33333333333333,1.66666666666667
"928",471,2,2010,4,96,6,"young",94.7,-1.18,28,"Medium","Negative",4.33333333333333,-0.333333333333333
"929",471,2,2009,3,96,6,"young",56.5,0,0,"Medium","Positive",4.33333333333333,-1.33333333333333
"930",472,1,2015,9,81,9,"old",7.8,1.42,38,"Low","Positive",8.5,0.5
"931",472,1,2014,8,89,9,"old",0,0.86,21,"Low","Positive",8.5,-0.5
"932",473,2,2015,9,97,9,"old",7.8,1.42,38,"Low","Positive",8.5,0.5
"933",473,2,2014,8,92,9,"old",0,0.86,21,"Low","Positive",8.5,-0.5
"934",478,2,2015,9,94,9,"old",7.8,1.42,38,"Low","Positive",8.33333333333333,0.666666666666666
"935",478,2,2014,8,85,9,"old",0,0.86,21,"Low","Positive",8.33333333333333,-0.333333333333334
"936",478,2,2014,8,104,9,"old",0,0.86,21,"Low","Positive",8.33333333333333,-0.333333333333334
"937",479,1,2015,9,94,9,"old",7.8,1.42,38,"Low","Positive",8.33333333333333,0.666666666666666
"938",479,1,2014,8,85,9,"old",0,0.86,21,"Low","Positive",8.33333333333333,-0.333333333333334
"939",479,1,2014,8,104,9,"old",0,0.86,21,"Low","Positive",8.33333333333333,-0.333333333333334
"940",483,2,2015,9,86,9,"old",7.8,1.42,38,"Low","Positive",8.5,0.5
"941",483,2,2014,8,86,9,"old",0,0.86,21,"Low","Positive",8.5,-0.5
"942",484,1,2015,9,86,9,"old",7.8,1.42,38,"Low","Positive",8.5,0.5
"943",484,1,2014,8,86,9,"old",0,0.86,21,"Low","Positive",8.5,-0.5
"944",485,2,2012,6,92,6,"young",88.4,1.35,22,"Medium","Positive",4.5,1.5
"945",485,2,2011,5,92,6,"young",80.6,-0.61,0,"Medium","Negative",4.5,0.5
"946",485,2,2010,4,100,6,"young",94.7,-1.18,28,"Medium","Negative",4.5,-0.5
"947",485,2,2009,3,99,6,"young",56.5,0,0,"Medium","Positive",4.5,-1.5
"948",486,1,2014,8,93,8,"old",0,0.86,21,"Low","Positive",8,0
"949",487,2,2011,5,89,5,"young",80.6,-0.61,0,"Medium","Negative",4.5,0.5
"950",487,2,2010,4,91,5,"young",94.7,-1.18,28,"Medium","Negative",4.5,-0.5
"951",489,2,2015,9,93,9,"old",7.8,1.42,38,"Low","Positive",8.5,0.5
"952",489,2,2014,8,95,9,"old",0,0.86,21,"Low","Positive",8.5,-0.5
"953",490,1,2008,2,104,2,"young",20.3,0.52,18,"Low","Positive",2,0
"954",491,1,2014,8,81,8,"old",0,0.86,21,"Low","Positive",8,0
"955",492,2,2009,3,97,3,"young",56.5,0,0,"Medium","Positive",2,1
"956",492,2,2008,2,96,3,"young",20.3,0.52,18,"Low","Positive",2,0
"957",492,2,2007,1,93,3,"young",4.8,0.59,36,"Low","Positive",2,-1
"958",493,1,2007,1,95,1,"young",4.8,0.59,36,"Low","Positive",1,0
"959",494,2,2013,6,110,6,"young",73.2,-0.42,1,"Medium","Negative",4.33333333333333,1.66666666666667
"960",494,2,2011,4,101,6,"young",80.6,-0.61,0,"Medium","Negative",4.33333333333333,-0.333333333333333
"961",494,2,2010,3,102,6,"young",94.7,-1.18,28,"Medium","Negative",4.33333333333333,-1.33333333333333
"962",496,1,2014,8,89,8,"old",0,0.86,21,"Low","Positive",8,0
"963",497,1,2011,5,93,5,"young",80.6,-0.61,0,"Medium","Negative",3.33333333333333,1.66666666666667
"964",497,1,2010,4,96,5,"young",94.7,-1.18,28,"Medium","Negative",3.33333333333333,0.666666666666667
"965",497,1,2007,1,93,5,"young",4.8,0.59,36,"Low","Positive",3.33333333333333,-2.33333333333333
"966",499,1,2012,6,85,6,"young",88.4,1.35,22,"Medium","Positive",6,0
"967",500,2,2015,9,96,9,"old",7.8,1.42,38,"Low","Positive",8.33333333333333,0.666666666666666
"968",500,2,2014,8,89,9,"old",0,0.86,21,"Low","Positive",8.33333333333333,-0.333333333333334
"969",500,2,2014,8,111,9,"old",0,0.86,21,"Low","Positive",8.33333333333333,-0.333333333333334
"970",501,1,2015,9,96,9,"old",7.8,1.42,38,"Low","Positive",8.33333333333333,0.666666666666666
"971",501,1,2014,8,89,9,"old",0,0.86,21,"Low","Positive",8.33333333333333,-0.333333333333334
"972",501,1,2014,8,111,9,"old",0,0.86,21,"Low","Positive",8.33333333333333,-0.333333333333334
"973",502,1,2009,3,97,3,"young",56.5,0,0,"Medium","Positive",2,1
"974",502,1,2008,2,99,3,"young",20.3,0.52,18,"Low","Positive",2,0
"975",502,1,2007,1,109,3,"young",4.8,0.59,36,"Low","Positive",2,-1
"976",503,2,2015,7,95,7,"young",7.8,1.42,38,"Low","Positive",3.5,3.5
"977",503,2,2012,4,108,7,"young",88.4,1.35,22,"Medium","Positive",3.5,0.5
"978",503,2,2010,2,96,7,"young",94.7,-1.18,28,"Medium","Negative",3.5,-1.5
"979",503,2,2009,1,98,7,"young",56.5,0,0,"Medium","Positive",3.5,-2.5
"980",504,1,2008,1,90,1,"young",20.3,0.52,18,"Low","Positive",1,0
"981",507,2,2015,9,99,9,"old",7.8,1.42,38,"Low","Positive",8.5,0.5
"982",507,2,2014,8,99,9,"old",0,0.86,21,"Low","Positive",8.5,-0.5
"983",508,1,2014,8,95,8,"old",0,0.86,21,"Low","Positive",8,0
"984",509,1,2014,8,89,8,"old",0,0.86,21,"Low","Positive",8,0
"985",510,2,2014,8,88,8,"old",0,0.86,21,"Low","Positive",8,0
"986",511,2,2010,4,92,4,"young",94.7,-1.18,28,"Medium","Negative",2.66666666666667,1.33333333333333
"987",511,2,2009,3,87,4,"young",56.5,0,0,"Medium","Positive",2.66666666666667,0.333333333333333
"988",511,2,2007,1,82,4,"young",4.8,0.59,36,"Low","Positive",2.66666666666667,-1.66666666666667
"989",513,1,2014,8,88,8,"old",0,0.86,21,"Low","Positive",8,0
"990",514,2,2014,7,91,7,"young",0,0.86,21,"Low","Positive",4.2,2.8
"991",514,2,2012,5,87,7,"young",88.4,1.35,22,"Medium","Positive",4.2,0.8
"992",514,2,2011,4,88,7,"young",80.6,-0.61,0,"Medium","Negative",4.2,-0.2
"993",514,2,2010,3,91,7,"young",94.7,-1.18,28,"Medium","Negative",4.2,-1.2
"994",514,2,2009,2,92,7,"young",56.5,0,0,"Medium","Positive",4.2,-2.2
"995",515,1,2012,5,93,5,"young",88.4,1.35,22,"Medium","Positive",4.5,0.5
"996",515,1,2011,4,97,5,"young",80.6,-0.61,0,"Medium","Negative",4.5,-0.5
"997",518,2,2010,3,104,3,"young",94.7,-1.18,28,"Medium","Negative",2,1
"998",518,2,2008,1,98,3,"young",20.3,0.52,18,"Low","Positive",2,-1
"999",519,2,2014,7,88,7,"young",0,0.86,21,"Low","Positive",4,3
"1000",519,2,2013,6,100,7,"young",73.2,-0.42,1,"Medium","Negative",4,2
"1001",519,2,2012,5,90,7,"young",88.4,1.35,22,"Medium","Positive",4,1
"1002",519,2,2011,4,93,7,"young",80.6,-0.61,0,"Medium","Negative",4,0
"1003",519,2,2010,3,93,7,"young",94.7,-1.18,28,"Medium","Negative",4,-1
"1004",519,2,2009,2,101,7,"young",56.5,0,0,"Medium","Positive",4,-2
"1005",519,2,2008,1,105,7,"young",20.3,0.52,18,"Low","Positive",4,-3
"1006",520,1,2008,1,86,1,"young",20.3,0.52,18,"Low","Positive",1,0
"1007",521,2,2008,1,99,1,"young",20.3,0.52,18,"Low","Positive",1,0
"1008",522,1,2012,5,101,5,"young",88.4,1.35,22,"Medium","Positive",3.33333333333333,1.66666666666667
"1009",522,1,2011,4,107,5,"young",80.6,-0.61,0,"Medium","Negative",3.33333333333333,0.666666666666667
"1010",522,1,2008,1,110,5,"young",20.3,0.52,18,"Low","Positive",3.33333333333333,-2.33333333333333
"1011",525,2,2015,8,102,8,"old",7.8,1.42,38,"Low","Positive",8,0
"1012",526,1,2015,8,102,8,"old",7.8,1.42,38,"Low","Positive",8,0
"1013",530,2,2009,2,91,2,"young",56.5,0,0,"Medium","Positive",2,0
"1014",533,1,2011,3,102,3,"young",80.6,-0.61,0,"Medium","Negative",3,0
"1015",534,2,2015,11,96,11,"old",7.8,1.42,38,"Low","Positive",11,0
"1016",535,1,2015,11,96,11,"old",7.8,1.42,38,"Low","Positive",11,0
"1017",536,2,2015,8,100,8,"old",7.8,1.42,38,"Low","Positive",8,0
"1018",537,1,2015,8,92,8,"old",7.8,1.42,38,"Low","Positive",8,0
"1019",540,1,2009,2,97,2,"young",56.5,0,0,"Medium","Positive",1.5,0.5
"1020",540,1,2008,1,99,2,"young",20.3,0.52,18,"Low","Positive",1.5,-0.5
"1021",541,1,2015,8,86,8,"old",7.8,1.42,38,"Low","Positive",8,0
"1022",542,2,2015,7,85,7,"young",7.8,1.42,38,"Low","Positive",3.83333333333333,3.16666666666667
"1023",542,2,2014,6,82,7,"young",0,0.86,21,"Low","Positive",3.83333333333333,2.16666666666667
"1024",542,2,2012,4,96,7,"young",88.4,1.35,22,"Medium","Positive",3.83333333333333,0.166666666666667
"1025",542,2,2011,3,95,7,"young",80.6,-0.61,0,"Medium","Negative",3.83333333333333,-0.833333333333333
"1026",542,2,2010,2,94,7,"young",94.7,-1.18,28,"Medium","Negative",3.83333333333333,-1.83333333333333
"1027",542,2,2009,1,93,7,"young",56.5,0,0,"Medium","Positive",3.83333333333333,-2.83333333333333
"1028",543,1,2015,7,94,7,"young",7.8,1.42,38,"Low","Positive",5,2
"1029",543,1,2014,6,85,7,"young",0,0.86,21,"Low","Positive",5,1
"1030",543,1,2013,5,105,7,"young",73.2,-0.42,1,"Medium","Negative",5,0
"1031",543,1,2012,4,92,7,"young",88.4,1.35,22,"Medium","Positive",5,-1
"1032",543,1,2011,3,98,7,"young",80.6,-0.61,0,"Medium","Negative",5,-2
"1033",544,1,2015,7,97,7,"young",7.8,1.42,38,"Low","Positive",4.2,2.8
"1034",544,1,2014,6,92,7,"young",0,0.86,21,"Low","Positive",4.2,1.8
"1035",544,1,2012,4,96,7,"young",88.4,1.35,22,"Medium","Positive",4.2,-0.2
"1036",544,1,2011,3,100,7,"young",80.6,-0.61,0,"Medium","Negative",4.2,-1.2
"1037",544,1,2009,1,92,7,"young",56.5,0,0,"Medium","Positive",4.2,-3.2
"1038",549,1,2014,6,91,6,"young",0,0.86,21,"Low","Positive",3.2,2.8
"1039",549,1,2012,4,87,6,"young",88.4,1.35,22,"Medium","Positive",3.2,0.8
"1040",549,1,2011,3,88,6,"young",80.6,-0.61,0,"Medium","Negative",3.2,-0.2
"1041",549,1,2010,2,91,6,"young",94.7,-1.18,28,"Medium","Negative",3.2,-1.2
"1042",549,1,2009,1,92,6,"young",56.5,0,0,"Medium","Positive",3.2,-2.2
"1043",550,2,2015,7,102,7,"young",7.8,1.42,38,"Low","Positive",5,2
"1044",550,2,2014,6,89,7,"young",0,0.86,21,"Low","Positive",5,1
"1045",550,2,2012,4,87,7,"young",88.4,1.35,22,"Medium","Positive",5,-1
"1046",550,2,2011,3,98,7,"young",80.6,-0.61,0,"Medium","Negative",5,-2
"1047",551,1,2012,4,87,4,"young",88.4,1.35,22,"Medium","Positive",3.5,0.5
"1048",551,1,2011,3,98,4,"young",80.6,-0.61,0,"Medium","Negative",3.5,-0.5
"1049",554,2,2012,4,118,4,"young",88.4,1.35,22,"Medium","Positive",4,0
"1050",555,1,2012,4,84,4,"young",88.4,1.35,22,"Medium","Positive",3.5,0.5
"1051",555,1,2011,3,92,4,"young",80.6,-0.61,0,"Medium","Negative",3.5,-0.5
"1052",556,2,2012,4,103,4,"young",88.4,1.35,22,"Medium","Positive",4,0
"1053",557,1,2012,4,103,4,"young",88.4,1.35,22,"Medium","Positive",4,0
"1054",558,1,2012,4,89,4,"young",88.4,1.35,22,"Medium","Positive",3,1
"1055",558,1,2010,2,104,4,"young",94.7,-1.18,28,"Medium","Negative",3,-1
"1056",559,2,2015,7,90,7,"young",7.8,1.42,38,"Low","Positive",4.2,2.8
"1057",559,2,2014,6,88,7,"young",0,0.86,21,"Low","Positive",4.2,1.8
"1058",559,2,2012,4,89,7,"young",88.4,1.35,22,"Medium","Positive",4.2,-0.2
"1059",559,2,2011,3,90,7,"young",80.6,-0.61,0,"Medium","Negative",4.2,-1.2
"1060",559,2,2009,1,98,7,"young",56.5,0,0,"Medium","Positive",4.2,-3.2
"1061",560,2,2014,6,84,6,"young",0,0.86,21,"Low","Positive",4,2
"1062",560,2,2013,5,107,6,"young",73.2,-0.42,1,"Medium","Negative",4,1
"1063",560,2,2012,4,97,6,"young",88.4,1.35,22,"Medium","Positive",4,0
"1064",560,2,2011,3,96,6,"young",80.6,-0.61,0,"Medium","Negative",4,-1
"1065",560,2,2010,2,98,6,"young",94.7,-1.18,28,"Medium","Negative",4,-2
"1066",561,1,2014,6,84,6,"young",0,0.86,21,"Low","Positive",4,2
"1067",561,1,2013,5,107,6,"young",73.2,-0.42,1,"Medium","Negative",4,1
"1068",561,1,2012,4,97,6,"young",88.4,1.35,22,"Medium","Positive",4,0
"1069",561,1,2011,3,96,6,"young",80.6,-0.61,0,"Medium","Negative",4,-1
"1070",561,1,2010,2,98,6,"young",94.7,-1.18,28,"Medium","Negative",4,-2
"1071",562,2,2015,7,92,7,"young",7.8,1.42,38,"Low","Positive",5.66666666666667,1.33333333333333
"1072",562,2,2014,6,89,7,"young",0,0.86,21,"Low","Positive",5.66666666666667,0.333333333333333
"1073",562,2,2012,4,99,7,"young",88.4,1.35,22,"Medium","Positive",5.66666666666667,-1.66666666666667
"1074",563,1,2015,7,106,7,"young",7.8,1.42,38,"Low","Positive",4.4,2.6
"1075",563,1,2014,6,87,7,"young",0,0.86,21,"Low","Positive",4.4,1.6
"1076",563,1,2012,4,91,7,"young",88.4,1.35,22,"Medium","Positive",4.4,-0.4
"1077",563,1,2011,3,100,7,"young",80.6,-0.61,0,"Medium","Negative",4.4,-1.4
"1078",563,1,2010,2,89,7,"young",94.7,-1.18,28,"Medium","Negative",4.4,-2.4
"1079",564,2,2014,6,89,6,"young",0,0.86,21,"Low","Positive",3.66666666666667,2.33333333333333
"1080",564,2,2011,3,87,6,"young",80.6,-0.61,0,"Medium","Negative",3.66666666666667,-0.666666666666667
"1081",564,2,2010,2,92,6,"young",94.7,-1.18,28,"Medium","Negative",3.66666666666667,-1.66666666666667
"1082",565,1,2011,3,87,3,"young",80.6,-0.61,0,"Medium","Negative",2.5,0.5
"1083",565,1,2010,2,92,3,"young",94.7,-1.18,28,"Medium","Negative",2.5,-0.5
"1084",570,2,2015,7,104,7,"young",7.8,1.42,38,"Low","Positive",5.5,1.5
"1085",570,2,2012,4,83,7,"young",88.4,1.35,22,"Medium","Positive",5.5,-1.5
"1086",571,1,2012,4,83,4,"young",88.4,1.35,22,"Medium","Positive",4,0
"1087",572,1,2015,7,99,7,"young",7.8,1.42,38,"Low","Positive",3.83333333333333,3.16666666666667
"1088",572,1,2014,6,99,7,"young",0,0.86,21,"Low","Positive",3.83333333333333,2.16666666666667
"1089",572,1,2012,4,109,7,"young",88.4,1.35,22,"Medium","Positive",3.83333333333333,0.166666666666667
"1090",572,1,2011,3,113,7,"young",80.6,-0.61,0,"Medium","Negative",3.83333333333333,-0.833333333333333
"1091",572,1,2010,2,111,7,"young",94.7,-1.18,28,"Medium","Negative",3.83333333333333,-1.83333333333333
"1092",572,1,2009,1,112,7,"young",56.5,0,0,"Medium","Positive",3.83333333333333,-2.83333333333333
"1093",573,2,2014,6,95,6,"young",0,0.86,21,"Low","Positive",4,2
"1094",573,2,2013,5,105,6,"young",73.2,-0.42,1,"Medium","Negative",4,1
"1095",573,2,2012,4,95,6,"young",88.4,1.35,22,"Medium","Positive",4,0
"1096",573,2,2011,3,100,6,"young",80.6,-0.61,0,"Medium","Negative",4,-1
"1097",573,2,2010,2,98,6,"young",94.7,-1.18,28,"Medium","Negative",4,-2
"1098",575,1,2014,5,91,5,"young",0,0.86,21,"Low","Positive",3,2
"1099",575,1,2013,4,107,5,"young",73.2,-0.42,1,"Medium","Negative",3,1
"1100",575,1,2012,3,91,5,"young",88.4,1.35,22,"Medium","Positive",3,0
"1101",575,1,2012,3,108,5,"young",88.4,1.35,22,"Medium","Positive",3,0
"1102",575,1,2011,2,87,5,"young",80.6,-0.61,0,"Medium","Negative",3,-1
"1103",575,1,2010,1,89,5,"young",94.7,-1.18,28,"Medium","Negative",3,-2
"1104",576,2,2015,6,109,6,"young",7.8,1.42,38,"Low","Positive",5.25,0.75
"1105",576,2,2015,6,90,6,"young",7.8,1.42,38,"Low","Positive",5.25,0.75
"1106",576,2,2014,5,90,6,"young",0,0.86,21,"Low","Positive",5.25,-0.25
"1107",576,2,2013,4,102,6,"young",73.2,-0.42,1,"Medium","Negative",5.25,-1.25
"1108",577,1,2015,6,109,6,"young",7.8,1.42,38,"Low","Positive",5.25,0.75
"1109",577,1,2015,6,90,6,"young",7.8,1.42,38,"Low","Positive",5.25,0.75
"1110",577,1,2014,5,90,6,"young",0,0.86,21,"Low","Positive",5.25,-0.25
"1111",577,1,2013,4,102,6,"young",73.2,-0.42,1,"Medium","Negative",5.25,-1.25
"1112",580,2,2015,6,94,6,"young",7.8,1.42,38,"Low","Positive",3.5,2.5
"1113",580,2,2010,1,95,6,"young",94.7,-1.18,28,"Medium","Negative",3.5,-2.5
"1114",581,1,2015,6,94,6,"young",7.8,1.42,38,"Low","Positive",3.5,2.5
"1115",581,1,2010,1,95,6,"young",94.7,-1.18,28,"Medium","Negative",3.5,-2.5
"1116",582,1,2010,1,107,1,"young",94.7,-1.18,28,"Medium","Negative",1,0
"1117",585,1,2010,1,114,1,"young",94.7,-1.18,28,"Medium","Negative",1,0
"1118",586,1,2012,3,99,3,"young",88.4,1.35,22,"Medium","Positive",3,0
"1119",587,1,2015,6,100,6,"young",7.8,1.42,38,"Low","Positive",5.5,0.5
"1120",587,1,2014,5,84,6,"young",0,0.86,21,"Low","Positive",5.5,-0.5
"1121",588,1,2010,2,100,2,"young",94.7,-1.18,28,"Medium","Negative",1.5,0.5
"1122",588,1,2009,1,99,2,"young",56.5,0,0,"Medium","Positive",1.5,-0.5
"1123",589,1,2010,1,91,1,"young",94.7,-1.18,28,"Medium","Negative",1,0
"1124",590,1,2015,6,90,6,"young",7.8,1.42,38,"Low","Positive",4,2
"1125",590,1,2014,5,94,6,"young",0,0.86,21,"Low","Positive",4,1
"1126",590,1,2012,3,87,6,"young",88.4,1.35,22,"Medium","Positive",4,-1
"1127",590,1,2011,2,97,6,"young",80.6,-0.61,0,"Medium","Negative",4,-2
"1128",591,2,2015,6,96,6,"young",7.8,1.42,38,"Low","Positive",4,2
"1129",591,2,2014,5,88,6,"young",0,0.86,21,"Low","Positive",4,1
"1130",591,2,2010,1,96,6,"young",94.7,-1.18,28,"Medium","Negative",4,-3
"1131",592,1,2015,6,96,6,"young",7.8,1.42,38,"Low","Positive",4,2
"1132",592,1,2014,5,88,6,"young",0,0.86,21,"Low","Positive",4,1
"1133",592,1,2010,1,96,6,"young",94.7,-1.18,28,"Medium","Negative",4,-3
"1134",593,1,2011,2,89,2,"young",80.6,-0.61,0,"Medium","Negative",1.5,0.5
"1135",593,1,2010,1,91,2,"young",94.7,-1.18,28,"Medium","Negative",1.5,-0.5
"1136",594,2,2010,1,95,1,"young",94.7,-1.18,28,"Medium","Negative",1,0
"1137",595,1,2010,1,95,1,"young",94.7,-1.18,28,"Medium","Negative",1,0
"1138",597,2,2014,5,86,5,"young",0,0.86,21,"Low","Positive",3,2
"1139",597,2,2013,4,104,5,"young",73.2,-0.42,1,"Medium","Negative",3,1
"1140",597,2,2012,3,86,5,"young",88.4,1.35,22,"Medium","Positive",3,0
"1141",597,2,2011,2,85,5,"young",80.6,-0.61,0,"Medium","Negative",3,-1
"1142",597,2,2010,1,95,5,"young",94.7,-1.18,28,"Medium","Negative",3,-2
"1143",598,2,2011,2,89,2,"young",80.6,-0.61,0,"Medium","Negative",1.5,0.5
"1144",598,2,2010,1,98,2,"young",94.7,-1.18,28,"Medium","Negative",1.5,-0.5
"1145",599,1,2011,2,89,2,"young",80.6,-0.61,0,"Medium","Negative",1.5,0.5
"1146",599,1,2010,1,98,2,"young",94.7,-1.18,28,"Medium","Negative",1.5,-0.5
"1147",602,2,2015,5,94,5,"young",7.8,1.42,38,"Low","Positive",3.25,1.75
"1148",602,2,2014,4,89,5,"young",0,0.86,21,"Low","Positive",3.25,0.75
"1149",602,2,2013,3,116,5,"young",73.2,-0.42,1,"Medium","Negative",3.25,-0.25
"1150",602,2,2011,1,100,5,"young",80.6,-0.61,0,"Medium","Negative",3.25,-2.25
"1151",604,2,2012,2,92,2,"young",88.4,1.35,22,"Medium","Positive",2,0
"1152",605,1,2012,2,92,2,"young",88.4,1.35,22,"Medium","Positive",2,0
"1153",606,2,2015,4,105,4,"young",7.8,1.42,38,"Low","Positive",2.5,1.5
"1154",606,2,2014,3,97,4,"young",0,0.86,21,"Low","Positive",2.5,0.5
"1155",606,2,2013,2,117,4,"young",73.2,-0.42,1,"Medium","Negative",2.5,-0.5
"1156",606,2,2012,1,95,4,"young",88.4,1.35,22,"Medium","Positive",2.5,-1.5
"1157",608,2,2014,4,93,4,"young",0,0.86,21,"Low","Positive",3,1
"1158",608,2,2013,3,118,4,"young",73.2,-0.42,1,"Medium","Negative",3,0
"1159",608,2,2012,2,97,4,"young",88.4,1.35,22,"Medium","Positive",3,-1
"1160",610,1,2012,2,91,2,"young",88.4,1.35,22,"Medium","Positive",2,0
"1161",612,2,2015,5,92,5,"young",7.8,1.42,38,"Low","Positive",2.66666666666667,2.33333333333333
"1162",612,2,2012,2,83,5,"young",88.4,1.35,22,"Medium","Positive",2.66666666666667,-0.666666666666667
"1163",612,2,2011,1,104,5,"young",80.6,-0.61,0,"Medium","Negative",2.66666666666667,-1.66666666666667
"1164",613,1,2015,5,92,5,"young",7.8,1.42,38,"Low","Positive",2.66666666666667,2.33333333333333
"1165",613,1,2012,2,83,5,"young",88.4,1.35,22,"Medium","Positive",2.66666666666667,-0.666666666666667
"1166",613,1,2011,1,104,5,"young",80.6,-0.61,0,"Medium","Negative",2.66666666666667,-1.66666666666667
"1167",614,2,2012,1,85,1,"young",88.4,1.35,22,"Medium","Positive",1,0
"1168",615,1,2013,3,105,3,"young",73.2,-0.42,1,"Medium","Negative",2,1
"1169",615,1,2011,1,99,3,"young",80.6,-0.61,0,"Medium","Negative",2,-1
"1170",616,1,2012,1,118,1,"young",88.4,1.35,22,"Medium","Positive",1,0
"1171",617,1,2011,1,102,1,"young",80.6,-0.61,0,"Medium","Negative",1,0
"1172",618,2,2015,4,95,4,"young",7.8,1.42,38,"Low","Positive",2.66666666666667,1.33333333333333
"1173",618,2,2014,3,92,4,"young",0,0.86,21,"Low","Positive",2.66666666666667,0.333333333333333
"1174",618,2,2012,1,104,4,"young",88.4,1.35,22,"Medium","Positive",2.66666666666667,-1.66666666666667
"1175",619,1,2015,4,95,4,"young",7.8,1.42,38,"Low","Positive",2.66666666666667,1.33333333333333
"1176",619,1,2014,3,92,4,"young",0,0.86,21,"Low","Positive",2.66666666666667,0.333333333333333
"1177",619,1,2012,1,104,4,"young",88.4,1.35,22,"Medium","Positive",2.66666666666667,-1.66666666666667
"1178",622,1,2015,4,89,4,"young",7.8,1.42,38,"Low","Positive",3,1
"1179",622,1,2014,3,83,4,"young",0,0.86,21,"Low","Positive",3,0
"1180",622,1,2013,2,103,4,"young",73.2,-0.42,1,"Medium","Negative",3,-1
"1181",623,1,2015,3,93,3,"young",7.8,1.42,38,"Low","Positive",2.25,0.75
"1182",623,1,2015,3,102,3,"young",7.8,1.42,38,"Low","Positive",2.25,0.75
"1183",623,1,2014,2,91,3,"young",0,0.86,21,"Low","Positive",2.25,-0.25
"1184",623,1,2013,1,93,3,"young",73.2,-0.42,1,"Medium","Negative",2.25,-1.25
"1185",624,2,2015,4,75,4,"young",7.8,1.42,38,"Low","Positive",3,1
"1186",624,2,2014,3,78,4,"young",0,0.86,21,"Low","Positive",3,0
"1187",624,2,2013,2,104,4,"young",73.2,-0.42,1,"Medium","Negative",3,-1
"1188",625,2,2014,2,94,2,"young",0,0.86,21,"Low","Positive",2,0
"1189",627,1,2015,4,102,4,"young",7.8,1.42,38,"Low","Positive",3.5,0.5
"1190",627,1,2014,3,84,4,"young",0,0.86,21,"Low","Positive",3.5,-0.5
"1191",628,2,2012,2,89,2,"young",88.4,1.35,22,"Medium","Positive",2,0
"1192",629,1,2015,3,98,3,"young",7.8,1.42,38,"Low","Positive",2,1
"1193",629,1,2014,2,90,3,"young",0,0.86,21,"Low","Positive",2,0
"1194",629,1,2013,1,124,3,"young",73.2,-0.42,1,"Medium","Negative",2,-1
"1195",630,2,2015,3,93,3,"young",7.8,1.42,38,"Low","Positive",2.5,0.5
"1196",630,2,2014,2,99,3,"young",0,0.86,21,"Low","Positive",2.5,-0.5
"1197",631,2,2015,3,106,3,"young",7.8,1.42,38,"Low","Positive",2.5,0.5
"1198",631,2,2014,2,87,3,"young",0,0.86,21,"Low","Positive",2.5,-0.5
"1199",632,2,2015,3,89,3,"young",7.8,1.42,38,"Low","Positive",2.5,0.5
"1200",632,2,2014,2,86,3,"young",0,0.86,21,"Low","Positive",2.5,-0.5
"1201",633,1,2015,3,89,3,"young",7.8,1.42,38,"Low","Positive",2.5,0.5
"1202",633,1,2014,2,86,3,"young",0,0.86,21,"Low","Positive",2.5,-0.5
"1203",635,2,2015,3,101,3,"young",7.8,1.42,38,"Low","Positive",3,0
"1204",639,2,2014,2,94,2,"young",0,0.86,21,"Low","Positive",2,0
"1205",640,1,2015,1,104,1,"young",7.8,1.42,38,"Low","Positive",1,0
"1206",641,2,2014,3,83,3,"young",0,0.86,21,"Low","Positive",2,1
"1207",641,2,2012,1,89,3,"young",88.4,1.35,22,"Medium","Positive",2,-1
"1208",642,2,2014,3,87,3,"young",0,0.86,21,"Low","Positive",3,0
"1209",643,1,2014,3,87,3,"young",0,0.86,21,"Low","Positive",3,0
"1210",644,2,2014,2,91,2,"young",0,0.86,21,"Low","Positive",2,0
"1211",645,1,2014,2,91,2,"young",0,0.86,21,"Low","Positive",2,0
"1212",646,1,2015,2,96,2,"young",7.8,1.42,38,"Low","Positive",1.5,0.5
"1213",646,1,2014,1,86,2,"young",0,0.86,21,"Low","Positive",1.5,-0.5
"1214",647,1,2014,1,89,1,"young",0,0.86,21,"Low","Positive",1,0
"1215",648,1,2015,2,85,2,"young",7.8,1.42,38,"Low","Positive",1.5,0.5
"1216",648,1,2014,1,82,2,"young",0,0.86,21,"Low","Positive",1.5,-0.5
"1217",649,2,2015,2,81,2,"young",7.8,1.42,38,"Low","Positive",1.5,0.5
"1218",649,2,2014,1,89,2,"young",0,0.86,21,"Low","Positive",1.5,-0.5
"1219",650,2,2015,2,101,2,"young",7.8,1.42,38,"Low","Positive",2,0
"1220",651,1,2015,2,101,2,"young",7.8,1.42,38,"Low","Positive",2,0
"1221",652,2,2015,2,85,2,"young",7.8,1.42,38,"Low","Positive",2,0
"1222",653,1,2015,2,85,2,"young",7.8,1.42,38,"Low","Positive",2,0
"1223",654,1,2015,2,93,2,"young",7.8,1.42,38,"Low","Positive",1.5,0.5
"1224",654,1,2014,1,95,2,"young",0,0.86,21,"Low","Positive",1.5,-0.5
"1225",655,2,2015,2,93,2,"young",7.8,1.42,38,"Low","Positive",1.5,0.5
"1226",655,2,2014,1,101,2,"young",0,0.86,21,"Low","Positive",1.5,-0.5
"1227",656,2,2014,1,95,1,"young",0,0.86,21,"Low","Positive",1,0
"1228",657,1,2015,3,99,3,"young",7.8,1.42,38,"Low","Positive",2.5,0.5
"1229",657,1,2014,2,84,3,"young",0,0.86,21,"Low","Positive",2.5,-0.5
"1230",660,2,2014,1,86,1,"young",0,0.86,21,"Low","Positive",1,0
"1231",661,1,2014,1,86,1,"young",0,0.86,21,"Low","Positive",1,0
"1232",662,2,2014,1,86,1,"young",0,0.86,21,"Low","Positive",1,0
"1233",663,1,2014,1,86,1,"young",0,0.86,21,"Low","Positive",1,0
"1234",665,1,2015,2,95,2,"young",7.8,1.42,38,"Low","Positive",2,0
"1235",666,2,2015,1,96,1,"young",7.8,1.42,38,"Low","Positive",1,0
"1236",672,2,2015,1,90,1,"young",7.8,1.42,38,"Low","Positive",1,0
"1237",674,1,2015,1,101,1,"young",7.8,1.42,38,"Low","Positive",1,0
"1238",675,2,2015,1,89,1,"young",7.8,1.42,38,"Low","Positive",1,0
"1239",676,1,2015,1,98,1,"young",7.8,1.42,38,"Low","Positive",1,0
"1240",678,1,2015,1,93,1,"young",7.8,1.42,38,"Low","Positive",1,0
